seen_at,fingerprint,kind,net_edge,gross_edge,fees,max_contracts,capturable,expires_at,legs,description
2026-07-06T00:01:16Z,polymarket:1294364:BUY NO|polymarket:1294365:BUY YES,ladder,0.004,0.004,0.0,,,2026-12-31T00:00:00Z,,"BUY YES 'Will Gold (GC) hit (HIGH) $10,000 by end of December?' @ 0.036 on polymarket + BUY NO 'Will Gold (GC) hit (HIGH) $12,000 by end of December?' @ 0.960 on polymarket: costs $0.996 for a guaranteed $1 payout (YES on the first leg is forced whenever NO on the second loses)."
2026-07-06T00:01:16Z,polymarket:1294363:BUY NO|polymarket:1294365:BUY YES,ladder,0.003,0.003,0.0,,,2026-12-31T00:00:00Z,,"BUY YES 'Will Gold (GC) hit (HIGH) $10,000 by end of December?' @ 0.036 on polymarket + BUY NO 'Will Gold (GC) hit (HIGH) $15,000 by end of December?' @ 0.961 on polymarket: costs $0.997 for a guaranteed $1 payout (YES on the first leg is forced whenever NO on the second loses)."
2026-07-06T00:01:16Z,polymarket:1294364:BUY NO|polymarket:1294366:BUY YES,ladder,0.001,0.001,0.0,,,2026-12-31T00:00:00Z,,"BUY YES 'Will Gold (GC) hit (HIGH) $8,000 by end of December?' @ 0.039 on polymarket + BUY NO 'Will Gold (GC) hit (HIGH) $12,000 by end of December?' @ 0.960 on polymarket: costs $0.999 for a guaranteed $1 payout (YES on the first leg is forced whenever NO on the second loses)."
2026-07-12T07:29:56Z,kalshi:KXGOLDMON-26JUL3117-T4631.99:BUY NO|polymarket:2677831:BUY YES,cross-platform,0.011,0.013,0.002,200.0,2.2,2026-07-31T21:00:00Z,,"BUY YES 'Will Gold (XAUUSD) hit (HIGH) $4,600 in July?' @ 0.017 on polymarket + BUY NO 'Gold price on July 31, 2026 at 5:00 PM EDT? — above $4631.99' @ 0.970 on kalshi: costs $0.987 for a guaranteed $1 payout (YES on the first leg is forced whenever NO on the second loses)."
2026-07-12T07:29:56Z,kalshi:KXGOLDMON-26JUL3117-T4711.99:BUY NO|polymarket:2677831:BUY YES,cross-platform,0.011,0.013,0.002,200.0,2.2,2026-07-31T21:00:00Z,,"BUY YES 'Will Gold (XAUUSD) hit (HIGH) $4,600 in July?' @ 0.017 on polymarket + BUY NO 'Gold price on July 31, 2026 at 5:00 PM EDT? — above $4711.99' @ 0.970 on kalshi: costs $0.987 for a guaranteed $1 payout (YES on the first leg is forced whenever NO on the second loses)."
2026-07-12T07:29:56Z,kalshi:KXGOLDMON-26JUL3117-T4671.99:BUY NO|polymarket:2677831:BUY YES,cross-platform,0.011,0.013,0.002,200.0,2.2,2026-07-31T21:00:00Z,,"BUY YES 'Will Gold (XAUUSD) hit (HIGH) $4,600 in July?' @ 0.017 on polymarket + BUY NO 'Gold price on July 31, 2026 at 5:00 PM EDT? — above $4671.99' @ 0.970 on kalshi: costs $0.987 for a guaranteed $1 payout (YES on the first leg is forced whenever NO on the second loses)."
2026-07-12T07:29:56Z,kalshi:KXGOLDMON-26JUL3117-T3591.99:BUY YES|polymarket:2677841:BUY YES,cross-platform,0.0026,0.004,0.0014,250.75,0.65,2026-07-31T21:00:00Z,,"BUY YES 'Will Gold (XAUUSD) hit (LOW) $3,600 in July?' @ 0.016 on polymarket + BUY YES 'Gold price on July 31, 2026 at 5:00 PM EDT? — above $3591.99' @ 0.980 on kalshi: costs $0.996 for a guaranteed $1 payout (YES on the first leg is forced whenever NO on the second loses)."
2026-07-12T07:29:56Z,kalshi:KXGOLDMON-26JUL3117-T4751.99:BUY NO|polymarket:2677831:BUY YES,cross-platform,0.0016,0.003,0.0014,1.0,0.0,2026-07-31T21:00:00Z,,"BUY YES 'Will Gold (XAUUSD) hit (HIGH) $4,600 in July?' @ 0.017 on polymarket + BUY NO 'Gold price on July 31, 2026 at 5:00 PM EDT? — above $4751.99' @ 0.980 on kalshi: costs $0.997 for a guaranteed $1 payout (YES on the first leg is forced whenever NO on the second loses)."
2026-07-12T17:54:57Z,kalshi:KXGOLDMON-26JUL3117-T4751.99:BUY NO|polymarket:2677831:BUY YES,cross-platform,0.0026,0.004,0.0014,1.0,0.0,2026-07-31T21:00:00Z,,"BUY YES 'Will Gold (XAUUSD) hit (HIGH) $4,600 in July?' @ 0.016 on polymarket + BUY NO 'Gold price on July 31, 2026 at 5:00 PM EDT? — above $4751.99' @ 0.980 on kalshi: costs $0.996 for a guaranteed $1 payout (YES on the first leg is forced whenever NO on the second loses)."
2026-07-12T23:23:43Z,polymarket:2874868:BUY NO|polymarket:2874869:BUY YES,ladder,0.001,0.001,0.0,10.0,0.01,2026-07-17T21:00:00Z,,"BUY YES 'Will Gold (XAUUSD) hit (HIGH) $4,350 Week of July 13 2026?' @ 0.021 on polymarket + BUY NO 'Will Gold (XAUUSD) hit (HIGH) $4,400 Week of July 13 2026?' @ 0.978 on polymarket: costs $0.999 for a guaranteed $1 payout (YES on the first leg is forced whenever NO on the second loses)."
2026-07-13T04:55:16Z,kalshi:KXGOLDMON-26JUL3117-T3471.99:BUY YES|polymarket:2677842:BUY YES,cross-platform,0.0046,0.006,0.0014,501.0,2.3,2026-07-31T21:00:00Z,"BUY YES~Gold drops to $3,500 · XAUUSD · by Aug 1~polymarket;BUY YES~Gold settles ≥ $3,471 · XAUUSD · Jul 31~kalshi","BUY YES 'Will Gold (XAUUSD) hit (LOW) $3,500 in July?' @ 0.014 on polymarket + BUY YES 'Gold price on July 31, 2026 at 5:00 PM EDT? — above $3471.99' @ 0.980 on kalshi: costs $0.994 for a guaranteed $1 payout (YES on the first leg is forced whenever NO on the second loses)."
2026-07-13T04:55:16Z,kalshi:KXGOLDMON-26JUL3117-T3431.99:BUY YES|polymarket:2677842:BUY YES,cross-platform,0.0046,0.006,0.0014,200.0,0.92,2026-07-31T21:00:00Z,"BUY YES~Gold drops to $3,500 · XAUUSD · by Aug 1~polymarket;BUY YES~Gold settles ≥ $3,431 · XAUUSD · Jul 31~kalshi","BUY YES 'Will Gold (XAUUSD) hit (LOW) $3,500 in July?' @ 0.014 on polymarket + BUY YES 'Gold price on July 31, 2026 at 5:00 PM EDT? — above $3431.99' @ 0.980 on kalshi: costs $0.994 for a guaranteed $1 payout (YES on the first leg is forced whenever NO on the second loses)."
2026-07-13T04:55:16Z,kalshi:KXGOLDMON-26JUL3117-T3311.99:BUY YES|polymarket:2677843:BUY YES,cross-platform,0.0013,0.002,0.0007,69.81,0.09,2026-07-31T21:00:00Z,"BUY YES~Gold drops to $3,400 · XAUUSD · by Aug 1~polymarket;BUY YES~Gold settles ≥ $3,311 · XAUUSD · Jul 31~kalshi","BUY YES 'Will Gold (XAUUSD) hit (LOW) $3,400 in July?' @ 0.008 on polymarket + BUY YES 'Gold price on July 31, 2026 at 5:00 PM EDT? — above $3311.99' @ 0.990 on kalshi: costs $0.998 for a guaranteed $1 payout (YES on the first leg is forced whenever NO on the second loses)."
2026-07-13T04:55:16Z,kalshi:KXGOLDMON-26JUL3117-T3351.99:BUY YES|polymarket:2677843:BUY YES,cross-platform,0.0013,0.002,0.0007,69.81,0.09,2026-07-31T21:00:00Z,"BUY YES~Gold drops to $3,400 · XAUUSD · by Aug 1~polymarket;BUY YES~Gold settles ≥ $3,351 · XAUUSD · Jul 31~kalshi","BUY YES 'Will Gold (XAUUSD) hit (LOW) $3,400 in July?' @ 0.008 on polymarket + BUY YES 'Gold price on July 31, 2026 at 5:00 PM EDT? — above $3351.99' @ 0.990 on kalshi: costs $0.998 for a guaranteed $1 payout (YES on the first leg is forced whenever NO on the second loses)."
2026-07-13T04:55:16Z,kalshi:KXGOLDMON-26JUL3117-T3391.99:BUY YES|polymarket:2677843:BUY YES,cross-platform,0.0013,0.002,0.0007,69.81,0.09,2026-07-31T21:00:00Z,"BUY YES~Gold drops to $3,400 · XAUUSD · by Aug 1~polymarket;BUY YES~Gold settles ≥ $3,391 · XAUUSD · Jul 31~kalshi","BUY YES 'Will Gold (XAUUSD) hit (LOW) $3,400 in July?' @ 0.008 on polymarket + BUY YES 'Gold price on July 31, 2026 at 5:00 PM EDT? — above $3391.99' @ 0.990 on kalshi: costs $0.998 for a guaranteed $1 payout (YES on the first leg is forced whenever NO on the second loses)."
2026-07-13T04:55:16Z,kalshi:KXGOLDMON-26JUL3117-T3431.99:BUY YES|polymarket:2677841:BUY YES,cross-platform,0.0026,0.004,0.0014,11.0,0.03,2026-07-31T21:00:00Z,"BUY YES~Gold drops to $3,600 · XAUUSD · by Aug 1~polymarket;BUY YES~Gold settles ≥ $3,431 · XAUUSD · Jul 31~kalshi","BUY YES 'Will Gold (XAUUSD) hit (LOW) $3,600 in July?' @ 0.016 on polymarket + BUY YES 'Gold price on July 31, 2026 at 5:00 PM EDT? — above $3431.99' @ 0.980 on kalshi: costs $0.996 for a guaranteed $1 payout (YES on the first leg is forced whenever NO on the second loses)."
2026-07-13T04:55:16Z,kalshi:KXGOLDMON-26JUL3117-T3511.99:BUY YES|polymarket:2677841:BUY YES,cross-platform,0.0026,0.004,0.0014,11.0,0.03,2026-07-31T21:00:00Z,"BUY YES~Gold drops to $3,600 · XAUUSD · by Aug 1~polymarket;BUY YES~Gold settles ≥ $3,511 · XAUUSD · Jul 31~kalshi","BUY YES 'Will Gold (XAUUSD) hit (LOW) $3,600 in July?' @ 0.016 on polymarket + BUY YES 'Gold price on July 31, 2026 at 5:00 PM EDT? — above $3511.99' @ 0.980 on kalshi: costs $0.996 for a guaranteed $1 payout (YES on the first leg is forced whenever NO on the second loses)."
2026-07-13T04:55:16Z,kalshi:KXGOLDMON-26JUL3117-T3471.99:BUY YES|polymarket:2677841:BUY YES,cross-platform,0.0026,0.004,0.0014,11.0,0.03,2026-07-31T21:00:00Z,"BUY YES~Gold drops to $3,600 · XAUUSD · by Aug 1~polymarket;BUY YES~Gold settles ≥ $3,471 · XAUUSD · Jul 31~kalshi","BUY YES 'Will Gold (XAUUSD) hit (LOW) $3,600 in July?' @ 0.016 on polymarket + BUY YES 'Gold price on July 31, 2026 at 5:00 PM EDT? — above $3471.99' @ 0.980 on kalshi: costs $0.996 for a guaranteed $1 payout (YES on the first leg is forced whenever NO on the second loses)."
2026-07-13T06:05:54Z,kalshi:KXGOLDMON-26JUL3117-T3391.99:BUY YES|polymarket:2677843:BUY YES,cross-platform,0.0013,0.002,0.0007,69.81,0.09,2026-07-31T21:00:00Z,"BUY YES~Gold drops to $3,400 · XAUUSD · by Aug 1~polymarket;BUY YES~Gold settles ≥ $3,391 · XAUUSD · Jul 31~kalshi","BUY YES 'Will Gold (XAUUSD) hit (LOW) $3,400 in July?' @ 0.008 on polymarket + BUY YES 'Gold price on July 31, 2026 at 5:00 PM EDT? — above $3391.99' @ 0.990 on kalshi: costs $0.998 for a guaranteed $1 payout (YES on the first leg is forced whenever NO on the second loses)."
2026-07-13T06:05:54Z,kalshi:KXGOLDMON-26JUL3117-T3311.99:BUY YES|polymarket:2677843:BUY YES,cross-platform,0.0013,0.002,0.0007,69.81,0.09,2026-07-31T21:00:00Z,"BUY YES~Gold drops to $3,400 · XAUUSD · by Aug 1~polymarket;BUY YES~Gold settles ≥ $3,311 · XAUUSD · Jul 31~kalshi","BUY YES 'Will Gold (XAUUSD) hit (LOW) $3,400 in July?' @ 0.008 on polymarket + BUY YES 'Gold price on July 31, 2026 at 5:00 PM EDT? — above $3311.99' @ 0.990 on kalshi: costs $0.998 for a guaranteed $1 payout (YES on the first leg is forced whenever NO on the second loses)."
2026-07-13T06:05:54Z,kalshi:KXGOLDMON-26JUL3117-T3351.99:BUY YES|polymarket:2677843:BUY YES,cross-platform,0.0013,0.002,0.0007,69.81,0.09,2026-07-31T21:00:00Z,"BUY YES~Gold drops to $3,400 · XAUUSD · by Aug 1~polymarket;BUY YES~Gold settles ≥ $3,351 · XAUUSD · Jul 31~kalshi","BUY YES 'Will Gold (XAUUSD) hit (LOW) $3,400 in July?' @ 0.008 on polymarket + BUY YES 'Gold price on July 31, 2026 at 5:00 PM EDT? — above $3351.99' @ 0.990 on kalshi: costs $0.998 for a guaranteed $1 payout (YES on the first leg is forced whenever NO on the second loses)."
2026-07-13T08:12:06Z,kalshi:KXGOLDMON-26JUL3117-T3431.99:BUY YES|polymarket:2677842:BUY YES,cross-platform,0.0046,0.006,0.0014,200.0,0.92,2026-07-31T21:00:00Z,"BUY YES~Gold drops to $3,500 · XAUUSD · by Aug 1~polymarket;BUY YES~Gold settles ≥ $3,431 · XAUUSD · Jul 31~kalshi","BUY YES 'Will Gold (XAUUSD) hit (LOW) $3,500 in July?' @ 0.014 on polymarket + BUY YES 'Gold price on July 31, 2026 at 5:00 PM EDT? — above $3431.99' @ 0.980 on kalshi: costs $0.994 for a guaranteed $1 payout (YES on the first leg is forced whenever NO on the second loses)."
2026-07-13T08:12:06Z,kalshi:KXGOLDMON-26JUL3117-T3471.99:BUY YES|polymarket:2677842:BUY YES,cross-platform,0.0046,0.006,0.0014,200.0,0.92,2026-07-31T21:00:00Z,"BUY YES~Gold drops to $3,500 · XAUUSD · by Aug 1~polymarket;BUY YES~Gold settles ≥ $3,471 · XAUUSD · Jul 31~kalshi","BUY YES 'Will Gold (XAUUSD) hit (LOW) $3,500 in July?' @ 0.014 on polymarket + BUY YES 'Gold price on July 31, 2026 at 5:00 PM EDT? — above $3471.99' @ 0.980 on kalshi: costs $0.994 for a guaranteed $1 payout (YES on the first leg is forced whenever NO on the second loses)."
2026-07-13T08:12:06Z,kalshi:KXGOLDMON-26JUL3117-T4751.99:BUY NO|polymarket:2677831:BUY YES,cross-platform,0.0026,0.004,0.0014,70.78,0.18,2026-07-31T21:00:00Z,"BUY YES~Gold hits $4,600 · XAUUSD · by Aug 1~polymarket;BUY NO~Gold settles ≥ $4,751 · XAUUSD · Jul 31~kalshi","BUY YES 'Will Gold (XAUUSD) hit (HIGH) $4,600 in July?' @ 0.016 on polymarket + BUY NO 'Gold price on July 31, 2026 at 5:00 PM EDT? — above $4751.99' @ 0.980 on kalshi: costs $0.996 for a guaranteed $1 payout (YES on the first leg is forced whenever NO on the second loses)."
2026-07-13T08:12:06Z,kalshi:KXGOLDMON-26JUL3117-T4631.99:BUY NO|polymarket:2677831:BUY YES,cross-platform,0.0026,0.004,0.0014,70.78,0.18,2026-07-31T21:00:00Z,"BUY YES~Gold hits $4,600 · XAUUSD · by Aug 1~polymarket;BUY NO~Gold settles ≥ $4,631 · XAUUSD · Jul 31~kalshi","BUY YES 'Will Gold (XAUUSD) hit (HIGH) $4,600 in July?' @ 0.016 on polymarket + BUY NO 'Gold price on July 31, 2026 at 5:00 PM EDT? — above $4631.99' @ 0.980 on kalshi: costs $0.996 for a guaranteed $1 payout (YES on the first leg is forced whenever NO on the second loses)."
2026-07-13T08:12:06Z,kalshi:KXGOLDMON-26JUL3117-T4711.99:BUY NO|polymarket:2677831:BUY YES,cross-platform,0.0026,0.004,0.0014,70.78,0.18,2026-07-31T21:00:00Z,"BUY YES~Gold hits $4,600 · XAUUSD · by Aug 1~polymarket;BUY NO~Gold settles ≥ $4,711 · XAUUSD · Jul 31~kalshi","BUY YES 'Will Gold (XAUUSD) hit (HIGH) $4,600 in July?' @ 0.016 on polymarket + BUY NO 'Gold price on July 31, 2026 at 5:00 PM EDT? — above $4711.99' @ 0.980 on kalshi: costs $0.996 for a guaranteed $1 payout (YES on the first leg is forced whenever NO on the second loses)."
2026-07-13T08:12:06Z,kalshi:KXGOLDMON-26JUL3117-T4671.99:BUY NO|polymarket:2677831:BUY YES,cross-platform,0.0026,0.004,0.0014,70.78,0.18,2026-07-31T21:00:00Z,"BUY YES~Gold hits $4,600 · XAUUSD · by Aug 1~polymarket;BUY NO~Gold settles ≥ $4,671 · XAUUSD · Jul 31~kalshi","BUY YES 'Will Gold (XAUUSD) hit (HIGH) $4,600 in July?' @ 0.016 on polymarket + BUY NO 'Gold price on July 31, 2026 at 5:00 PM EDT? — above $4671.99' @ 0.980 on kalshi: costs $0.996 for a guaranteed $1 payout (YES on the first leg is forced whenever NO on the second loses)."
2026-07-13T08:12:06Z,kalshi:KXGOLDMON-26JUL3117-T3511.99:BUY YES|polymarket:2677841:BUY YES,cross-platform,0.0026,0.004,0.0014,11.0,0.03,2026-07-31T21:00:00Z,"BUY YES~Gold drops to $3,600 · XAUUSD · by Aug 1~polymarket;BUY YES~Gold settles ≥ $3,511 · XAUUSD · Jul 31~kalshi","BUY YES 'Will Gold (XAUUSD) hit (LOW) $3,600 in July?' @ 0.016 on polymarket + BUY YES 'Gold price on July 31, 2026 at 5:00 PM EDT? — above $3511.99' @ 0.980 on kalshi: costs $0.996 for a guaranteed $1 payout (YES on the first leg is forced whenever NO on the second loses)."
2026-07-13T08:12:06Z,kalshi:KXGOLDMON-26JUL3117-T3431.99:BUY YES|polymarket:2677841:BUY YES,cross-platform,0.0026,0.004,0.0014,11.0,0.03,2026-07-31T21:00:00Z,"BUY YES~Gold drops to $3,600 · XAUUSD · by Aug 1~polymarket;BUY YES~Gold settles ≥ $3,431 · XAUUSD · Jul 31~kalshi","BUY YES 'Will Gold (XAUUSD) hit (LOW) $3,600 in July?' @ 0.016 on polymarket + BUY YES 'Gold price on July 31, 2026 at 5:00 PM EDT? — above $3431.99' @ 0.980 on kalshi: costs $0.996 for a guaranteed $1 payout (YES on the first leg is forced whenever NO on the second loses)."
2026-07-13T08:12:06Z,kalshi:KXGOLDMON-26JUL3117-T3471.99:BUY YES|polymarket:2677841:BUY YES,cross-platform,0.0026,0.004,0.0014,11.0,0.03,2026-07-31T21:00:00Z,"BUY YES~Gold drops to $3,600 · XAUUSD · by Aug 1~polymarket;BUY YES~Gold settles ≥ $3,471 · XAUUSD · Jul 31~kalshi","BUY YES 'Will Gold (XAUUSD) hit (LOW) $3,600 in July?' @ 0.016 on polymarket + BUY YES 'Gold price on July 31, 2026 at 5:00 PM EDT? — above $3471.99' @ 0.980 on kalshi: costs $0.996 for a guaranteed $1 payout (YES on the first leg is forced whenever NO on the second loses)."
2026-07-13T14:17:00Z,kalshi:KXGOLDMON-26JUL3117-T3671.99:BUY YES|polymarket:2677840:BUY YES,cross-platform,0.0091,0.013,0.0039,500.0,4.55,2026-07-31T21:00:00Z,"BUY YES~Gold drops to $3,700 · XAUUSD · by Aug 1~polymarket;BUY YES~Gold settles ≥ $3,671 · XAUUSD · Jul 31~kalshi","BUY YES 'Will Gold (XAUUSD) hit (LOW) $3,700 in July?' @ 0.047 on polymarket + BUY YES 'Gold price on July 31, 2026 at 5:00 PM EDT? — above $3671.99' @ 0.940 on kalshi: costs $0.987 for a guaranteed $1 payout (YES on the first leg is forced whenever NO on the second loses)."
2026-07-13T14:17:00Z,kalshi:KXGOLDMON-26JUL3117-T3551.99:BUY YES|polymarket:2677841:BUY YES,cross-platform,0.0026,0.004,0.0014,11.0,0.03,2026-07-31T21:00:00Z,"BUY YES~Gold drops to $3,600 · XAUUSD · by Aug 1~polymarket;BUY YES~Gold settles ≥ $3,551 · XAUUSD · Jul 31~kalshi","BUY YES 'Will Gold (XAUUSD) hit (LOW) $3,600 in July?' @ 0.016 on polymarket + BUY YES 'Gold price on July 31, 2026 at 5:00 PM EDT? — above $3551.99' @ 0.980 on kalshi: costs $0.996 for a guaranteed $1 payout (YES on the first leg is forced whenever NO on the second loses)."
2026-07-13T18:28:09Z,kalshi:KXGOLDMON-26JUL3117-T4671.99:BUY NO|polymarket:2677831:BUY YES,cross-platform,0.0026,0.004,0.0014,25.0,0.07,2026-07-31T21:00:00Z,"BUY YES~Gold hits $4,600 · XAUUSD · by Aug 1~polymarket;BUY NO~Gold settles ≥ $4,671 · XAUUSD · Jul 31~kalshi","BUY YES 'Will Gold (XAUUSD) hit (HIGH) $4,600 in July?' @ 0.016 on polymarket + BUY NO 'Gold price on July 31, 2026 at 5:00 PM EDT? — above $4671.99' @ 0.980 on kalshi: costs $0.996 for a guaranteed $1 payout (YES on the first leg is forced whenever NO on the second loses)."
2026-07-13T18:28:09Z,kalshi:KXGOLDMON-26JUL3117-T4711.99:BUY NO|polymarket:2677831:BUY YES,cross-platform,0.0026,0.004,0.0014,25.0,0.07,2026-07-31T21:00:00Z,"BUY YES~Gold hits $4,600 · XAUUSD · by Aug 1~polymarket;BUY NO~Gold settles ≥ $4,711 · XAUUSD · Jul 31~kalshi","BUY YES 'Will Gold (XAUUSD) hit (HIGH) $4,600 in July?' @ 0.016 on polymarket + BUY NO 'Gold price on July 31, 2026 at 5:00 PM EDT? — above $4711.99' @ 0.980 on kalshi: costs $0.996 for a guaranteed $1 payout (YES on the first leg is forced whenever NO on the second loses)."
2026-07-13T18:28:09Z,kalshi:KXGOLDMON-26JUL3117-T4631.99:BUY NO|polymarket:2677831:BUY YES,cross-platform,0.0026,0.004,0.0014,25.0,0.07,2026-07-31T21:00:00Z,"BUY YES~Gold hits $4,600 · XAUUSD · by Aug 1~polymarket;BUY NO~Gold settles ≥ $4,631 · XAUUSD · Jul 31~kalshi","BUY YES 'Will Gold (XAUUSD) hit (HIGH) $4,600 in July?' @ 0.016 on polymarket + BUY NO 'Gold price on July 31, 2026 at 5:00 PM EDT? — above $4631.99' @ 0.980 on kalshi: costs $0.996 for a guaranteed $1 payout (YES on the first leg is forced whenever NO on the second loses)."
2026-07-13T18:28:09Z,kalshi:KXGOLDMON-26JUL3117-T4751.99:BUY NO|polymarket:2677831:BUY YES,cross-platform,0.0026,0.004,0.0014,25.0,0.07,2026-07-31T21:00:00Z,"BUY YES~Gold hits $4,600 · XAUUSD · by Aug 1~polymarket;BUY NO~Gold settles ≥ $4,751 · XAUUSD · Jul 31~kalshi","BUY YES 'Will Gold (XAUUSD) hit (HIGH) $4,600 in July?' @ 0.016 on polymarket + BUY NO 'Gold price on July 31, 2026 at 5:00 PM EDT? — above $4751.99' @ 0.980 on kalshi: costs $0.996 for a guaranteed $1 payout (YES on the first leg is forced whenever NO on the second loses)."
2026-07-13T21:59:46Z,kalshi:KXGOLDMON-26JUL3117-T3351.99:BUY YES|polymarket:2677843:BUY YES,cross-platform,0.0003,0.001,0.0007,7.02,0.0,2026-07-31T21:00:00Z,"BUY YES~Gold drops to $3,400 · XAUUSD · by Aug 1~polymarket;BUY YES~Gold settles ≥ $3,351 · XAUUSD · Jul 31~kalshi","BUY YES 'Will Gold (XAUUSD) hit (LOW) $3,400 in July?' @ 0.009 on polymarket + BUY YES 'Gold price on July 31, 2026 at 5:00 PM EDT? — above $3351.99' @ 0.990 on kalshi: costs $0.999 for a guaranteed $1 payout (YES on the first leg is forced whenever NO on the second loses)."
2026-07-13T21:59:46Z,kalshi:KXGOLDMON-26JUL3117-T3391.99:BUY YES|polymarket:2677843:BUY YES,cross-platform,0.0003,0.001,0.0007,7.02,0.0,2026-07-31T21:00:00Z,"BUY YES~Gold drops to $3,400 · XAUUSD · by Aug 1~polymarket;BUY YES~Gold settles ≥ $3,391 · XAUUSD · Jul 31~kalshi","BUY YES 'Will Gold (XAUUSD) hit (LOW) $3,400 in July?' @ 0.009 on polymarket + BUY YES 'Gold price on July 31, 2026 at 5:00 PM EDT? — above $3391.99' @ 0.990 on kalshi: costs $0.999 for a guaranteed $1 payout (YES on the first leg is forced whenever NO on the second loses)."
2026-07-13T21:59:46Z,kalshi:KXGOLDMON-26JUL3117-T3311.99:BUY YES|polymarket:2677843:BUY YES,cross-platform,0.0003,0.001,0.0007,7.02,0.0,2026-07-31T21:00:00Z,"BUY YES~Gold drops to $3,400 · XAUUSD · by Aug 1~polymarket;BUY YES~Gold settles ≥ $3,311 · XAUUSD · Jul 31~kalshi","BUY YES 'Will Gold (XAUUSD) hit (LOW) $3,400 in July?' @ 0.009 on polymarket + BUY YES 'Gold price on July 31, 2026 at 5:00 PM EDT? — above $3311.99' @ 0.990 on kalshi: costs $0.999 for a guaranteed $1 payout (YES on the first leg is forced whenever NO on the second loses)."
2026-07-13T23:57:23Z,kalshi:KXGOLDMON-26JUL3117-T3391.99:BUY YES|polymarket:2677842:BUY YES,cross-platform,0.0046,0.006,0.0014,200.0,0.92,2026-07-31T21:00:00Z,"BUY YES~Gold drops to $3,500 · XAUUSD · by Aug 1~polymarket;BUY YES~Gold settles ≥ $3,391 · XAUUSD · Jul 31~kalshi","BUY YES 'Will Gold (XAUUSD) hit (LOW) $3,500 in July?' @ 0.014 on polymarket + BUY YES 'Gold price on July 31, 2026 at 5:00 PM EDT? — above $3391.99' @ 0.980 on kalshi: costs $0.994 for a guaranteed $1 payout (YES on the first leg is forced whenever NO on the second loses)."
2026-07-13T23:57:23Z,kalshi:KXGOLDMON-26JUL3117-T3431.99:BUY YES|polymarket:2677842:BUY YES,cross-platform,0.0046,0.006,0.0014,200.0,0.92,2026-07-31T21:00:00Z,"BUY YES~Gold drops to $3,500 · XAUUSD · by Aug 1~polymarket;BUY YES~Gold settles ≥ $3,431 · XAUUSD · Jul 31~kalshi","BUY YES 'Will Gold (XAUUSD) hit (LOW) $3,500 in July?' @ 0.014 on polymarket + BUY YES 'Gold price on July 31, 2026 at 5:00 PM EDT? — above $3431.99' @ 0.980 on kalshi: costs $0.994 for a guaranteed $1 payout (YES on the first leg is forced whenever NO on the second loses)."
2026-07-14T12:46:10Z,kalshi:KXGOLDMON-26JUL3117-T3671.99:BUY YES|polymarket:2677840:BUY YES,cross-platform,0.0388,0.044,0.0052,10.0,0.39,2026-07-31T21:00:00Z,"BUY YES~Gold drops to $3,700 · XAUUSD · by Aug 1~polymarket;BUY YES~Gold settles ≥ $3,671 · XAUUSD · Jul 31~kalshi","BUY YES 'Will Gold (XAUUSD) hit (LOW) $3,700 in July?' @ 0.036 on polymarket + BUY YES 'Gold price on July 31, 2026 at 5:00 PM EDT? — above $3671.99' @ 0.920 on kalshi: costs $0.956 for a guaranteed $1 payout (YES on the first leg is forced whenever NO on the second loses)."
2026-07-14T14:44:12Z,kalshi:KXGOLDMON-26JUL3117-T3431.99:BUY YES|polymarket:2677842:BUY YES,cross-platform,0.0233,0.026,0.0027,200.0,4.66,2026-07-31T21:00:00Z,"BUY YES~Gold drops to $3,500 · XAUUSD · by Aug 1~polymarket;BUY YES~Gold settles ≥ $3,431 · XAUUSD · Jul 31~kalshi","BUY YES 'Will Gold (XAUUSD) hit (LOW) $3,500 in July?' @ 0.014 on polymarket + BUY YES 'Gold price on July 31, 2026 at 5:00 PM EDT? — above $3431.99' @ 0.960 on kalshi: costs $0.974 for a guaranteed $1 payout (YES on the first leg is forced whenever NO on the second loses)."
2026-07-14T14:44:12Z,kalshi:KXGOLDMON-26JUL3117-T3471.99:BUY YES|polymarket:2677842:BUY YES,cross-platform,0.0233,0.026,0.0027,200.0,4.66,2026-07-31T21:00:00Z,"BUY YES~Gold drops to $3,500 · XAUUSD · by Aug 1~polymarket;BUY YES~Gold settles ≥ $3,471 · XAUUSD · Jul 31~kalshi","BUY YES 'Will Gold (XAUUSD) hit (LOW) $3,500 in July?' @ 0.014 on polymarket + BUY YES 'Gold price on July 31, 2026 at 5:00 PM EDT? — above $3471.99' @ 0.960 on kalshi: costs $0.974 for a guaranteed $1 payout (YES on the first leg is forced whenever NO on the second loses)."
2026-07-14T14:44:12Z,kalshi:KXGOLDMON-26JUL3117-T4671.99:BUY NO|polymarket:2677831:BUY YES,cross-platform,0.016,0.018,0.002,200.0,3.2,2026-07-31T21:00:00Z,"BUY YES~Gold hits $4,600 · XAUUSD · by Aug 1~polymarket;BUY NO~Gold settles ≥ $4,671 · XAUUSD · Jul 31~kalshi","BUY YES 'Will Gold (XAUUSD) hit (HIGH) $4,600 in July?' @ 0.012 on polymarket + BUY NO 'Gold price on July 31, 2026 at 5:00 PM EDT? — above $4671.99' @ 0.970 on kalshi: costs $0.982 for a guaranteed $1 payout (YES on the first leg is forced whenever NO on the second loses)."
2026-07-14T14:44:12Z,kalshi:KXGOLDMON-26JUL3117-T4631.99:BUY NO|polymarket:2677831:BUY YES,cross-platform,0.016,0.018,0.002,200.0,3.2,2026-07-31T21:00:00Z,"BUY YES~Gold hits $4,600 · XAUUSD · by Aug 1~polymarket;BUY NO~Gold settles ≥ $4,631 · XAUUSD · Jul 31~kalshi","BUY YES 'Will Gold (XAUUSD) hit (HIGH) $4,600 in July?' @ 0.012 on polymarket + BUY NO 'Gold price on July 31, 2026 at 5:00 PM EDT? — above $4631.99' @ 0.970 on kalshi: costs $0.982 for a guaranteed $1 payout (YES on the first leg is forced whenever NO on the second loses)."
2026-07-14T14:44:12Z,kalshi:KXGOLDMON-26JUL3117-T3511.99:BUY YES|polymarket:2677841:BUY YES,cross-platform,0.0193,0.022,0.0027,100.1,1.93,2026-07-31T21:00:00Z,"BUY YES~Gold drops to $3,600 · XAUUSD · by Aug 1~polymarket;BUY YES~Gold settles ≥ $3,511 · XAUUSD · Jul 31~kalshi","BUY YES 'Will Gold (XAUUSD) hit (LOW) $3,600 in July?' @ 0.018 on polymarket + BUY YES 'Gold price on July 31, 2026 at 5:00 PM EDT? — above $3511.99' @ 0.960 on kalshi: costs $0.978 for a guaranteed $1 payout (YES on the first leg is forced whenever NO on the second loses)."
2026-07-14T14:44:12Z,kalshi:KXGOLDMON-26JUL3117-T3431.99:BUY YES|polymarket:2677841:BUY YES,cross-platform,0.0193,0.022,0.0027,100.1,1.93,2026-07-31T21:00:00Z,"BUY YES~Gold drops to $3,600 · XAUUSD · by Aug 1~polymarket;BUY YES~Gold settles ≥ $3,431 · XAUUSD · Jul 31~kalshi","BUY YES 'Will Gold (XAUUSD) hit (LOW) $3,600 in July?' @ 0.018 on polymarket + BUY YES 'Gold price on July 31, 2026 at 5:00 PM EDT? — above $3431.99' @ 0.960 on kalshi: costs $0.978 for a guaranteed $1 payout (YES on the first leg is forced whenever NO on the second loses)."
2026-07-14T14:44:12Z,kalshi:KXGOLDMON-26JUL3117-T3591.99:BUY YES|polymarket:2677841:BUY YES,cross-platform,0.0193,0.022,0.0027,100.1,1.93,2026-07-31T21:00:00Z,"BUY YES~Gold drops to $3,600 · XAUUSD · by Aug 1~polymarket;BUY YES~Gold settles ≥ $3,591 · XAUUSD · Jul 31~kalshi","BUY YES 'Will Gold (XAUUSD) hit (LOW) $3,600 in July?' @ 0.018 on polymarket + BUY YES 'Gold price on July 31, 2026 at 5:00 PM EDT? — above $3591.99' @ 0.960 on kalshi: costs $0.978 for a guaranteed $1 payout (YES on the first leg is forced whenever NO on the second loses)."
2026-07-14T14:44:12Z,kalshi:KXGOLDMON-26JUL3117-T3471.99:BUY YES|polymarket:2677841:BUY YES,cross-platform,0.0193,0.022,0.0027,100.1,1.93,2026-07-31T21:00:00Z,"BUY YES~Gold drops to $3,600 · XAUUSD · by Aug 1~polymarket;BUY YES~Gold settles ≥ $3,471 · XAUUSD · Jul 31~kalshi","BUY YES 'Will Gold (XAUUSD) hit (LOW) $3,600 in July?' @ 0.018 on polymarket + BUY YES 'Gold price on July 31, 2026 at 5:00 PM EDT? — above $3471.99' @ 0.960 on kalshi: costs $0.978 for a guaranteed $1 payout (YES on the first leg is forced whenever NO on the second loses)."
2026-07-14T14:44:12Z,kalshi:KXGOLDMON-26JUL3117-T4751.99:BUY NO|polymarket:2677831:BUY YES,cross-platform,0.0066,0.008,0.0014,200.0,1.32,2026-07-31T21:00:00Z,"BUY YES~Gold hits $4,600 · XAUUSD · by Aug 1~polymarket;BUY NO~Gold settles ≥ $4,751 · XAUUSD · Jul 31~kalshi","BUY YES 'Will Gold (XAUUSD) hit (HIGH) $4,600 in July?' @ 0.012 on polymarket + BUY NO 'Gold price on July 31, 2026 at 5:00 PM EDT? — above $4751.99' @ 0.980 on kalshi: costs $0.992 for a guaranteed $1 payout (YES on the first leg is forced whenever NO on the second loses)."
2026-07-14T14:44:12Z,kalshi:KXGOLDMON-26JUL3117-T4711.99:BUY NO|polymarket:2677831:BUY YES,cross-platform,0.0066,0.008,0.0014,200.0,1.32,2026-07-31T21:00:00Z,"BUY YES~Gold hits $4,600 · XAUUSD · by Aug 1~polymarket;BUY NO~Gold settles ≥ $4,711 · XAUUSD · Jul 31~kalshi","BUY YES 'Will Gold (XAUUSD) hit (HIGH) $4,600 in July?' @ 0.012 on polymarket + BUY NO 'Gold price on July 31, 2026 at 5:00 PM EDT? — above $4711.99' @ 0.980 on kalshi: costs $0.992 for a guaranteed $1 payout (YES on the first leg is forced whenever NO on the second loses)."
2026-07-14T14:44:12Z,kalshi:KXGOLDMON-26JUL3117-T3551.99:BUY YES|polymarket:2677841:BUY YES,cross-platform,0.01,0.012,0.002,100.1,1.0,2026-07-31T21:00:00Z,"BUY YES~Gold drops to $3,600 · XAUUSD · by Aug 1~polymarket;BUY YES~Gold settles ≥ $3,551 · XAUUSD · Jul 31~kalshi","BUY YES 'Will Gold (XAUUSD) hit (LOW) $3,600 in July?' @ 0.018 on polymarket + BUY YES 'Gold price on July 31, 2026 at 5:00 PM EDT? — above $3551.99' @ 0.970 on kalshi: costs $0.988 for a guaranteed $1 payout (YES on the first leg is forced whenever NO on the second loses)."
2026-07-14T14:44:12Z,kalshi:KXGOLDMON-26JUL3117-T3391.99:BUY YES|polymarket:2677843:BUY YES,cross-platform,0.0096,0.011,0.0014,99.98,0.96,2026-07-31T21:00:00Z,"BUY YES~Gold drops to $3,400 · XAUUSD · by Aug 1~polymarket;BUY YES~Gold settles ≥ $3,391 · XAUUSD · Jul 31~kalshi","BUY YES 'Will Gold (XAUUSD) hit (LOW) $3,400 in July?' @ 0.009 on polymarket + BUY YES 'Gold price on July 31, 2026 at 5:00 PM EDT? — above $3391.99' @ 0.980 on kalshi: costs $0.989 for a guaranteed $1 payout (YES on the first leg is forced whenever NO on the second loses)."
2026-07-14T14:44:12Z,kalshi:KXGOLDMON-26JUL3117-T3391.99:BUY YES|polymarket:2677842:BUY YES,cross-platform,0.0046,0.006,0.0014,200.0,0.92,2026-07-31T21:00:00Z,"BUY YES~Gold drops to $3,500 · XAUUSD · by Aug 1~polymarket;BUY YES~Gold settles ≥ $3,391 · XAUUSD · Jul 31~kalshi","BUY YES 'Will Gold (XAUUSD) hit (LOW) $3,500 in July?' @ 0.014 on polymarket + BUY YES 'Gold price on July 31, 2026 at 5:00 PM EDT? — above $3391.99' @ 0.980 on kalshi: costs $0.994 for a guaranteed $1 payout (YES on the first leg is forced whenever NO on the second loses)."
2026-07-14T14:44:12Z,kalshi:KXGOLDMON-26JUL3117-T3511.99:BUY YES|polymarket:2677840:BUY YES,cross-platform,0.0063,0.009,0.0027,30.23,0.19,2026-07-31T21:00:00Z,"BUY YES~Gold drops to $3,700 · XAUUSD · by Aug 1~polymarket;BUY YES~Gold settles ≥ $3,511 · XAUUSD · Jul 31~kalshi","BUY YES 'Will Gold (XAUUSD) hit (LOW) $3,700 in July?' @ 0.031 on polymarket + BUY YES 'Gold price on July 31, 2026 at 5:00 PM EDT? — above $3511.99' @ 0.960 on kalshi: costs $0.991 for a guaranteed $1 payout (YES on the first leg is forced whenever NO on the second loses)."
2026-07-14T14:44:12Z,kalshi:KXGOLDMON-26JUL3117-T3631.99:BUY YES|polymarket:2677840:BUY YES,cross-platform,0.0063,0.009,0.0027,30.23,0.19,2026-07-31T21:00:00Z,"BUY YES~Gold drops to $3,700 · XAUUSD · by Aug 1~polymarket;BUY YES~Gold settles ≥ $3,631 · XAUUSD · Jul 31~kalshi","BUY YES 'Will Gold (XAUUSD) hit (LOW) $3,700 in July?' @ 0.031 on polymarket + BUY YES 'Gold price on July 31, 2026 at 5:00 PM EDT? — above $3631.99' @ 0.960 on kalshi: costs $0.991 for a guaranteed $1 payout (YES on the first leg is forced whenever NO on the second loses)."
2026-07-14T14:44:12Z,kalshi:KXGOLDMON-26JUL3117-T3431.99:BUY YES|polymarket:2677840:BUY YES,cross-platform,0.0063,0.009,0.0027,30.23,0.19,2026-07-31T21:00:00Z,"BUY YES~Gold drops to $3,700 · XAUUSD · by Aug 1~polymarket;BUY YES~Gold settles ≥ $3,431 · XAUUSD · Jul 31~kalshi","BUY YES 'Will Gold (XAUUSD) hit (LOW) $3,700 in July?' @ 0.031 on polymarket + BUY YES 'Gold price on July 31, 2026 at 5:00 PM EDT? — above $3431.99' @ 0.960 on kalshi: costs $0.991 for a guaranteed $1 payout (YES on the first leg is forced whenever NO on the second loses)."
2026-07-14T14:44:12Z,kalshi:KXGOLDMON-26JUL3117-T3591.99:BUY YES|polymarket:2677840:BUY YES,cross-platform,0.0063,0.009,0.0027,30.23,0.19,2026-07-31T21:00:00Z,"BUY YES~Gold drops to $3,700 · XAUUSD · by Aug 1~polymarket;BUY YES~Gold settles ≥ $3,591 · XAUUSD · Jul 31~kalshi","BUY YES 'Will Gold (XAUUSD) hit (LOW) $3,700 in July?' @ 0.031 on polymarket + BUY YES 'Gold price on July 31, 2026 at 5:00 PM EDT? — above $3591.99' @ 0.960 on kalshi: costs $0.991 for a guaranteed $1 payout (YES on the first leg is forced whenever NO on the second loses)."
2026-07-14T14:44:12Z,kalshi:KXGOLDMON-26JUL3117-T3471.99:BUY YES|polymarket:2677840:BUY YES,cross-platform,0.0063,0.009,0.0027,30.23,0.19,2026-07-31T21:00:00Z,"BUY YES~Gold drops to $3,700 · XAUUSD · by Aug 1~polymarket;BUY YES~Gold settles ≥ $3,471 · XAUUSD · Jul 31~kalshi","BUY YES 'Will Gold (XAUUSD) hit (LOW) $3,700 in July?' @ 0.031 on polymarket + BUY YES 'Gold price on July 31, 2026 at 5:00 PM EDT? — above $3471.99' @ 0.960 on kalshi: costs $0.991 for a guaranteed $1 payout (YES on the first leg is forced whenever NO on the second loses)."
2026-07-14T14:44:12Z,kalshi:KXGOLDMON-26JUL3117-T4671.99:BUY NO|polymarket:2677832:BUY YES,cross-platform,0.005,0.007,0.002,25.0,0.12,2026-07-31T21:00:00Z,"BUY YES~Gold hits $4,500 · XAUUSD · by Aug 1~polymarket;BUY NO~Gold settles ≥ $4,671 · XAUUSD · Jul 31~kalshi","BUY YES 'Will Gold (XAUUSD) hit (HIGH) $4,500 in July?' @ 0.023 on polymarket + BUY NO 'Gold price on July 31, 2026 at 5:00 PM EDT? — above $4671.99' @ 0.970 on kalshi: costs $0.993 for a guaranteed $1 payout (YES on the first leg is forced whenever NO on the second loses)."
2026-07-14T14:44:12Z,kalshi:KXGOLDMON-26JUL3117-T4551.99:BUY NO|polymarket:2677832:BUY YES,cross-platform,0.005,0.007,0.002,25.0,0.12,2026-07-31T21:00:00Z,"BUY YES~Gold hits $4,500 · XAUUSD · by Aug 1~polymarket;BUY NO~Gold settles ≥ $4,551 · XAUUSD · Jul 31~kalshi","BUY YES 'Will Gold (XAUUSD) hit (HIGH) $4,500 in July?' @ 0.023 on polymarket + BUY NO 'Gold price on July 31, 2026 at 5:00 PM EDT? — above $4551.99' @ 0.970 on kalshi: costs $0.993 for a guaranteed $1 payout (YES on the first leg is forced whenever NO on the second loses)."
2026-07-14T14:44:12Z,kalshi:KXGOLDMON-26JUL3117-T4631.99:BUY NO|polymarket:2677832:BUY YES,cross-platform,0.005,0.007,0.002,25.0,0.12,2026-07-31T21:00:00Z,"BUY YES~Gold hits $4,500 · XAUUSD · by Aug 1~polymarket;BUY NO~Gold settles ≥ $4,631 · XAUUSD · Jul 31~kalshi","BUY YES 'Will Gold (XAUUSD) hit (HIGH) $4,500 in July?' @ 0.023 on polymarket + BUY NO 'Gold price on July 31, 2026 at 5:00 PM EDT? — above $4631.99' @ 0.970 on kalshi: costs $0.993 for a guaranteed $1 payout (YES on the first leg is forced whenever NO on the second loses)."
2026-07-14T14:44:12Z,kalshi:KXGOLDMON-26JUL3117-T4511.99:BUY NO|polymarket:2677832:BUY YES,cross-platform,0.005,0.007,0.002,25.0,0.12,2026-07-31T21:00:00Z,"BUY YES~Gold hits $4,500 · XAUUSD · by Aug 1~polymarket;BUY NO~Gold settles ≥ $4,511 · XAUUSD · Jul 31~kalshi","BUY YES 'Will Gold (XAUUSD) hit (HIGH) $4,500 in July?' @ 0.023 on polymarket + BUY NO 'Gold price on July 31, 2026 at 5:00 PM EDT? — above $4511.99' @ 0.970 on kalshi: costs $0.993 for a guaranteed $1 payout (YES on the first leg is forced whenever NO on the second loses)."
2026-07-14T14:44:12Z,kalshi:KXGOLDMON-26JUL3117-T4591.99:BUY NO|polymarket:2677832:BUY YES,cross-platform,0.005,0.007,0.002,25.0,0.12,2026-07-31T21:00:00Z,"BUY YES~Gold hits $4,500 · XAUUSD · by Aug 1~polymarket;BUY NO~Gold settles ≥ $4,591 · XAUUSD · Jul 31~kalshi","BUY YES 'Will Gold (XAUUSD) hit (HIGH) $4,500 in July?' @ 0.023 on polymarket + BUY NO 'Gold price on July 31, 2026 at 5:00 PM EDT? — above $4591.99' @ 0.970 on kalshi: costs $0.993 for a guaranteed $1 payout (YES on the first leg is forced whenever NO on the second loses)."
2026-07-14T14:44:12Z,kalshi:KXGOLDMON-26JUL3117-T3391.99:BUY YES|polymarket:2677841:BUY YES,cross-platform,0.0006,0.002,0.0014,100.1,0.06,2026-07-31T21:00:00Z,"BUY YES~Gold drops to $3,600 · XAUUSD · by Aug 1~polymarket;BUY YES~Gold settles ≥ $3,391 · XAUUSD · Jul 31~kalshi","BUY YES 'Will Gold (XAUUSD) hit (LOW) $3,600 in July?' @ 0.018 on polymarket + BUY YES 'Gold price on July 31, 2026 at 5:00 PM EDT? — above $3391.99' @ 0.980 on kalshi: costs $0.998 for a guaranteed $1 payout (YES on the first leg is forced whenever NO on the second loses)."
2026-07-14T14:44:12Z,kalshi:KXGOLDMON-26JUL3117-T3351.99:BUY YES|polymarket:2677843:BUY YES,cross-platform,0.0003,0.001,0.0007,99.98,0.03,2026-07-31T21:00:00Z,"BUY YES~Gold drops to $3,400 · XAUUSD · by Aug 1~polymarket;BUY YES~Gold settles ≥ $3,351 · XAUUSD · Jul 31~kalshi","BUY YES 'Will Gold (XAUUSD) hit (LOW) $3,400 in July?' @ 0.009 on polymarket + BUY YES 'Gold price on July 31, 2026 at 5:00 PM EDT? — above $3351.99' @ 0.990 on kalshi: costs $0.999 for a guaranteed $1 payout (YES on the first leg is forced whenever NO on the second loses)."
2026-07-14T14:44:12Z,kalshi:KXGOLDMON-26JUL3117-T3311.99:BUY YES|polymarket:2677843:BUY YES,cross-platform,0.0003,0.001,0.0007,99.98,0.03,2026-07-31T21:00:00Z,"BUY YES~Gold drops to $3,400 · XAUUSD · by Aug 1~polymarket;BUY YES~Gold settles ≥ $3,311 · XAUUSD · Jul 31~kalshi","BUY YES 'Will Gold (XAUUSD) hit (LOW) $3,400 in July?' @ 0.009 on polymarket + BUY YES 'Gold price on July 31, 2026 at 5:00 PM EDT? — above $3311.99' @ 0.990 on kalshi: costs $0.999 for a guaranteed $1 payout (YES on the first leg is forced whenever NO on the second loses)."
2026-07-14T20:35:59Z,kalshi:KXGOLDMON-26JUL3117-T3391.99:BUY YES|polymarket:2677842:BUY YES,cross-platform,0.014,0.016,0.002,200.0,2.8,2026-07-31T21:00:00Z,"BUY YES~Gold drops to $3,500 · XAUUSD · by Aug 1~polymarket;BUY YES~Gold settles ≥ $3,391 · XAUUSD · Jul 31~kalshi","BUY YES 'Will Gold (XAUUSD) hit (LOW) $3,500 in July?' @ 0.014 on polymarket + BUY YES 'Gold price on July 31, 2026 at 5:00 PM EDT? — above $3391.99' @ 0.970 on kalshi: costs $0.984 for a guaranteed $1 payout (YES on the first leg is forced whenever NO on the second loses)."
2026-07-14T20:35:59Z,kalshi:KXGOLDMON-26JUL3117-T3431.99:BUY YES|polymarket:2677842:BUY YES,cross-platform,0.014,0.016,0.002,200.0,2.8,2026-07-31T21:00:00Z,"BUY YES~Gold drops to $3,500 · XAUUSD · by Aug 1~polymarket;BUY YES~Gold settles ≥ $3,431 · XAUUSD · Jul 31~kalshi","BUY YES 'Will Gold (XAUUSD) hit (LOW) $3,500 in July?' @ 0.014 on polymarket + BUY YES 'Gold price on July 31, 2026 at 5:00 PM EDT? — above $3431.99' @ 0.970 on kalshi: costs $0.984 for a guaranteed $1 payout (YES on the first leg is forced whenever NO on the second loses)."
2026-07-14T20:35:59Z,kalshi:KXGOLDMON-26JUL3117-T3471.99:BUY YES|polymarket:2677842:BUY YES,cross-platform,0.014,0.016,0.002,200.0,2.8,2026-07-31T21:00:00Z,"BUY YES~Gold drops to $3,500 · XAUUSD · by Aug 1~polymarket;BUY YES~Gold settles ≥ $3,471 · XAUUSD · Jul 31~kalshi","BUY YES 'Will Gold (XAUUSD) hit (LOW) $3,500 in July?' @ 0.014 on polymarket + BUY YES 'Gold price on July 31, 2026 at 5:00 PM EDT? — above $3471.99' @ 0.970 on kalshi: costs $0.984 for a guaranteed $1 payout (YES on the first leg is forced whenever NO on the second loses)."
2026-07-14T20:35:59Z,kalshi:KXGOLDMON-26JUL3117-T4711.99:BUY NO|polymarket:2677831:BUY YES,cross-platform,0.0066,0.008,0.0014,200.0,1.32,2026-07-31T21:00:00Z,"BUY YES~Gold hits $4,600 · XAUUSD · by Aug 1~polymarket;BUY NO~Gold settles ≥ $4,711 · XAUUSD · Jul 31~kalshi","BUY YES 'Will Gold (XAUUSD) hit (HIGH) $4,600 in July?' @ 0.012 on polymarket + BUY NO 'Gold price on July 31, 2026 at 5:00 PM EDT? — above $4711.99' @ 0.980 on kalshi: costs $0.992 for a guaranteed $1 payout (YES on the first leg is forced whenever NO on the second loses)."
2026-07-14T20:35:59Z,kalshi:KXGOLDMON-26JUL3117-T4631.99:BUY NO|polymarket:2677831:BUY YES,cross-platform,0.0066,0.008,0.0014,200.0,1.32,2026-07-31T21:00:00Z,"BUY YES~Gold hits $4,600 · XAUUSD · by Aug 1~polymarket;BUY NO~Gold settles ≥ $4,631 · XAUUSD · Jul 31~kalshi","BUY YES 'Will Gold (XAUUSD) hit (HIGH) $4,600 in July?' @ 0.012 on polymarket + BUY NO 'Gold price on July 31, 2026 at 5:00 PM EDT? — above $4631.99' @ 0.980 on kalshi: costs $0.992 for a guaranteed $1 payout (YES on the first leg is forced whenever NO on the second loses)."
2026-07-14T20:35:59Z,kalshi:KXGOLDMON-26JUL3117-T4751.99:BUY NO|polymarket:2677831:BUY YES,cross-platform,0.0066,0.008,0.0014,200.0,1.32,2026-07-31T21:00:00Z,"BUY YES~Gold hits $4,600 · XAUUSD · by Aug 1~polymarket;BUY NO~Gold settles ≥ $4,751 · XAUUSD · Jul 31~kalshi","BUY YES 'Will Gold (XAUUSD) hit (HIGH) $4,600 in July?' @ 0.012 on polymarket + BUY NO 'Gold price on July 31, 2026 at 5:00 PM EDT? — above $4751.99' @ 0.980 on kalshi: costs $0.992 for a guaranteed $1 payout (YES on the first leg is forced whenever NO on the second loses)."
2026-07-14T20:35:59Z,kalshi:KXGOLDMON-26JUL3117-T4671.99:BUY NO|polymarket:2677831:BUY YES,cross-platform,0.0066,0.008,0.0014,200.0,1.32,2026-07-31T21:00:00Z,"BUY YES~Gold hits $4,600 · XAUUSD · by Aug 1~polymarket;BUY NO~Gold settles ≥ $4,671 · XAUUSD · Jul 31~kalshi","BUY YES 'Will Gold (XAUUSD) hit (HIGH) $4,600 in July?' @ 0.012 on polymarket + BUY NO 'Gold price on July 31, 2026 at 5:00 PM EDT? — above $4671.99' @ 0.980 on kalshi: costs $0.992 for a guaranteed $1 payout (YES on the first leg is forced whenever NO on the second loses)."
2026-07-14T20:35:59Z,kalshi:KXGOLDMON-26JUL3117-T3391.99:BUY YES|polymarket:2677841:BUY YES,cross-platform,0.012,0.014,0.002,10.0,0.12,2026-07-31T21:00:00Z,"BUY YES~Gold drops to $3,600 · XAUUSD · by Aug 1~polymarket;BUY YES~Gold settles ≥ $3,391 · XAUUSD · Jul 31~kalshi","BUY YES 'Will Gold (XAUUSD) hit (LOW) $3,600 in July?' @ 0.016 on polymarket + BUY YES 'Gold price on July 31, 2026 at 5:00 PM EDT? — above $3391.99' @ 0.970 on kalshi: costs $0.986 for a guaranteed $1 payout (YES on the first leg is forced whenever NO on the second loses)."
2026-07-14T20:35:59Z,kalshi:KXGOLDMON-26JUL3117-T3431.99:BUY YES|polymarket:2677841:BUY YES,cross-platform,0.012,0.014,0.002,10.0,0.12,2026-07-31T21:00:00Z,"BUY YES~Gold drops to $3,600 · XAUUSD · by Aug 1~polymarket;BUY YES~Gold settles ≥ $3,431 · XAUUSD · Jul 31~kalshi","BUY YES 'Will Gold (XAUUSD) hit (LOW) $3,600 in July?' @ 0.016 on polymarket + BUY YES 'Gold price on July 31, 2026 at 5:00 PM EDT? — above $3431.99' @ 0.970 on kalshi: costs $0.986 for a guaranteed $1 payout (YES on the first leg is forced whenever NO on the second loses)."
2026-07-14T20:35:59Z,kalshi:KXGOLDMON-26JUL3117-T3471.99:BUY YES|polymarket:2677841:BUY YES,cross-platform,0.012,0.014,0.002,10.0,0.12,2026-07-31T21:00:00Z,"BUY YES~Gold drops to $3,600 · XAUUSD · by Aug 1~polymarket;BUY YES~Gold settles ≥ $3,471 · XAUUSD · Jul 31~kalshi","BUY YES 'Will Gold (XAUUSD) hit (LOW) $3,600 in July?' @ 0.016 on polymarket + BUY YES 'Gold price on July 31, 2026 at 5:00 PM EDT? — above $3471.99' @ 0.970 on kalshi: costs $0.986 for a guaranteed $1 payout (YES on the first leg is forced whenever NO on the second loses)."
2026-07-14T20:35:59Z,kalshi:KXGOLDMON-26JUL3117-T3511.99:BUY YES|polymarket:2677841:BUY YES,cross-platform,0.012,0.014,0.002,10.0,0.12,2026-07-31T21:00:00Z,"BUY YES~Gold drops to $3,600 · XAUUSD · by Aug 1~polymarket;BUY YES~Gold settles ≥ $3,511 · XAUUSD · Jul 31~kalshi","BUY YES 'Will Gold (XAUUSD) hit (LOW) $3,600 in July?' @ 0.016 on polymarket + BUY YES 'Gold price on July 31, 2026 at 5:00 PM EDT? — above $3511.99' @ 0.970 on kalshi: costs $0.986 for a guaranteed $1 payout (YES on the first leg is forced whenever NO on the second loses)."
2026-07-14T20:35:59Z,kalshi:KXGOLDMON-26JUL3117-T3551.99:BUY YES|polymarket:2677841:BUY YES,cross-platform,0.0026,0.004,0.0014,10.0,0.03,2026-07-31T21:00:00Z,"BUY YES~Gold drops to $3,600 · XAUUSD · by Aug 1~polymarket;BUY YES~Gold settles ≥ $3,551 · XAUUSD · Jul 31~kalshi","BUY YES 'Will Gold (XAUUSD) hit (LOW) $3,600 in July?' @ 0.016 on polymarket + BUY YES 'Gold price on July 31, 2026 at 5:00 PM EDT? — above $3551.99' @ 0.980 on kalshi: costs $0.996 for a guaranteed $1 payout (YES on the first leg is forced whenever NO on the second loses)."
2026-07-14T21:52:00Z,kalshi:KXGOLDMON-26JUL3117-T3591.99:BUY YES|polymarket:2677840:BUY YES,cross-platform,0.0137,0.017,0.0033,200.0,2.74,2026-07-31T21:00:00Z,"BUY YES~Gold drops to $3,700 · XAUUSD · by Aug 1~polymarket;BUY YES~Gold settles ≥ $3,591 · XAUUSD · Jul 31~kalshi","BUY YES 'Will Gold (XAUUSD) hit (LOW) $3,700 in July?' @ 0.033 on polymarket + BUY YES 'Gold price on July 31, 2026 at 5:00 PM EDT? — above $3591.99' @ 0.950 on kalshi: costs $0.983 for a guaranteed $1 payout (YES on the first leg is forced whenever NO on the second loses)."
2026-07-14T21:52:00Z,kalshi:KXGOLDMON-26JUL3117-T3631.99:BUY YES|polymarket:2677840:BUY YES,cross-platform,0.0137,0.017,0.0033,200.0,2.74,2026-07-31T21:00:00Z,"BUY YES~Gold drops to $3,700 · XAUUSD · by Aug 1~polymarket;BUY YES~Gold settles ≥ $3,631 · XAUUSD · Jul 31~kalshi","BUY YES 'Will Gold (XAUUSD) hit (LOW) $3,700 in July?' @ 0.033 on polymarket + BUY YES 'Gold price on July 31, 2026 at 5:00 PM EDT? — above $3631.99' @ 0.950 on kalshi: costs $0.983 for a guaranteed $1 payout (YES on the first leg is forced whenever NO on the second loses)."
2026-07-14T21:52:00Z,kalshi:KXGOLDMON-26JUL3117-T3671.99:BUY YES|polymarket:2677840:BUY YES,cross-platform,0.0137,0.017,0.0033,200.0,2.74,2026-07-31T21:00:00Z,"BUY YES~Gold drops to $3,700 · XAUUSD · by Aug 1~polymarket;BUY YES~Gold settles ≥ $3,671 · XAUUSD · Jul 31~kalshi","BUY YES 'Will Gold (XAUUSD) hit (LOW) $3,700 in July?' @ 0.033 on polymarket + BUY YES 'Gold price on July 31, 2026 at 5:00 PM EDT? — above $3671.99' @ 0.950 on kalshi: costs $0.983 for a guaranteed $1 payout (YES on the first leg is forced whenever NO on the second loses)."
2026-07-14T21:52:00Z,kalshi:KXGOLDMON-26JUL3117-T3511.99:BUY YES|polymarket:2677840:BUY YES,cross-platform,0.0137,0.017,0.0033,200.0,2.74,2026-07-31T21:00:00Z,"BUY YES~Gold drops to $3,700 · XAUUSD · by Aug 1~polymarket;BUY YES~Gold settles ≥ $3,511 · XAUUSD · Jul 31~kalshi","BUY YES 'Will Gold (XAUUSD) hit (LOW) $3,700 in July?' @ 0.033 on polymarket + BUY YES 'Gold price on July 31, 2026 at 5:00 PM EDT? — above $3511.99' @ 0.950 on kalshi: costs $0.983 for a guaranteed $1 payout (YES on the first leg is forced whenever NO on the second loses)."
2026-07-14T21:52:00Z,kalshi:KXGOLDMON-26JUL3117-T4631.99:BUY NO|polymarket:2677832:BUY YES,cross-platform,0.0083,0.011,0.0027,200.0,1.66,2026-07-31T21:00:00Z,"BUY YES~Gold hits $4,500 · XAUUSD · by Aug 1~polymarket;BUY NO~Gold settles ≥ $4,631 · XAUUSD · Jul 31~kalshi","BUY YES 'Will Gold (XAUUSD) hit (HIGH) $4,500 in July?' @ 0.029 on polymarket + BUY NO 'Gold price on July 31, 2026 at 5:00 PM EDT? — above $4631.99' @ 0.960 on kalshi: costs $0.989 for a guaranteed $1 payout (YES on the first leg is forced whenever NO on the second loses)."
2026-07-14T21:52:00Z,kalshi:KXGOLDMON-26JUL3117-T4551.99:BUY NO|polymarket:2677832:BUY YES,cross-platform,0.0083,0.011,0.0027,200.0,1.66,2026-07-31T21:00:00Z,"BUY YES~Gold hits $4,500 · XAUUSD · by Aug 1~polymarket;BUY NO~Gold settles ≥ $4,551 · XAUUSD · Jul 31~kalshi","BUY YES 'Will Gold (XAUUSD) hit (HIGH) $4,500 in July?' @ 0.029 on polymarket + BUY NO 'Gold price on July 31, 2026 at 5:00 PM EDT? — above $4551.99' @ 0.960 on kalshi: costs $0.989 for a guaranteed $1 payout (YES on the first leg is forced whenever NO on the second loses)."
2026-07-14T21:52:00Z,kalshi:KXGOLDMON-26JUL3117-T4591.99:BUY NO|polymarket:2677832:BUY YES,cross-platform,0.0083,0.011,0.0027,200.0,1.66,2026-07-31T21:00:00Z,"BUY YES~Gold hits $4,500 · XAUUSD · by Aug 1~polymarket;BUY NO~Gold settles ≥ $4,591 · XAUUSD · Jul 31~kalshi","BUY YES 'Will Gold (XAUUSD) hit (HIGH) $4,500 in July?' @ 0.029 on polymarket + BUY NO 'Gold price on July 31, 2026 at 5:00 PM EDT? — above $4591.99' @ 0.960 on kalshi: costs $0.989 for a guaranteed $1 payout (YES on the first leg is forced whenever NO on the second loses)."
2026-07-14T21:52:00Z,kalshi:KXGOLDMON-26JUL3117-T4511.99:BUY NO|polymarket:2677832:BUY YES,cross-platform,0.0083,0.011,0.0027,200.0,1.66,2026-07-31T21:00:00Z,"BUY YES~Gold hits $4,500 · XAUUSD · by Aug 1~polymarket;BUY NO~Gold settles ≥ $4,511 · XAUUSD · Jul 31~kalshi","BUY YES 'Will Gold (XAUUSD) hit (HIGH) $4,500 in July?' @ 0.029 on polymarket + BUY NO 'Gold price on July 31, 2026 at 5:00 PM EDT? — above $4511.99' @ 0.960 on kalshi: costs $0.989 for a guaranteed $1 payout (YES on the first leg is forced whenever NO on the second loses)."
2026-07-14T21:52:00Z,kalshi:KXGOLDMON-26JUL3117-T3471.99:BUY YES|polymarket:2677840:BUY YES,cross-platform,0.0043,0.007,0.0027,200.0,0.86,2026-07-31T21:00:00Z,"BUY YES~Gold drops to $3,700 · XAUUSD · by Aug 1~polymarket;BUY YES~Gold settles ≥ $3,471 · XAUUSD · Jul 31~kalshi","BUY YES 'Will Gold (XAUUSD) hit (LOW) $3,700 in July?' @ 0.033 on polymarket + BUY YES 'Gold price on July 31, 2026 at 5:00 PM EDT? — above $3471.99' @ 0.960 on kalshi: costs $0.993 for a guaranteed $1 payout (YES on the first leg is forced whenever NO on the second loses)."
2026-07-14T21:52:00Z,kalshi:KXGOLDMON-26JUL3117-T3551.99:BUY YES|polymarket:2677840:BUY YES,cross-platform,0.0043,0.007,0.0027,200.0,0.86,2026-07-31T21:00:00Z,"BUY YES~Gold drops to $3,700 · XAUUSD · by Aug 1~polymarket;BUY YES~Gold settles ≥ $3,551 · XAUUSD · Jul 31~kalshi","BUY YES 'Will Gold (XAUUSD) hit (LOW) $3,700 in July?' @ 0.033 on polymarket + BUY YES 'Gold price on July 31, 2026 at 5:00 PM EDT? — above $3551.99' @ 0.960 on kalshi: costs $0.993 for a guaranteed $1 payout (YES on the first leg is forced whenever NO on the second loses)."
2026-07-14T22:51:35Z,kalshi:KXGOLDMON-26JUL3117-T3311.99:BUY YES|polymarket:2677843:BUY YES,cross-platform,0.0003,0.001,0.0007,99.98,0.03,2026-07-31T21:00:00Z,"BUY YES~Gold drops to $3,400 · XAUUSD · by Aug 1~polymarket;BUY YES~Gold settles ≥ $3,311 · XAUUSD · Jul 31~kalshi","BUY YES 'Will Gold (XAUUSD) hit (LOW) $3,400 in July?' @ 0.009 on polymarket + BUY YES 'Gold price on July 31, 2026 at 5:00 PM EDT? — above $3311.99' @ 0.990 on kalshi: costs $0.999 for a guaranteed $1 payout (YES on the first leg is forced whenever NO on the second loses)."
2026-07-14T23:44:43Z,kalshi:KXGOLDMON-26JUL3117-T3391.99:BUY YES|polymarket:2677843:BUY YES,cross-platform,0.0003,0.001,0.0007,99.98,0.03,2026-07-31T21:00:00Z,"BUY YES~Gold drops to $3,400 · XAUUSD · by Aug 1~polymarket;BUY YES~Gold settles ≥ $3,391 · XAUUSD · Jul 31~kalshi","BUY YES 'Will Gold (XAUUSD) hit (LOW) $3,400 in July?' @ 0.009 on polymarket + BUY YES 'Gold price on July 31, 2026 at 5:00 PM EDT? — above $3391.99' @ 0.990 on kalshi: costs $0.999 for a guaranteed $1 payout (YES on the first leg is forced whenever NO on the second loses)."
2026-07-15T01:47:38Z,kalshi:KXGOLDMON-26JUL3117-T4671.99:BUY NO|polymarket:2677831:BUY YES,cross-platform,0.0066,0.008,0.0014,200.0,1.32,2026-07-31T21:00:00Z,"BUY YES~Gold hits $4,600 · XAUUSD · by Aug 1~polymarket;BUY NO~Gold settles ≥ $4,671 · XAUUSD · Jul 31~kalshi","BUY YES 'Will Gold (XAUUSD) hit (HIGH) $4,600 in July?' @ 0.012 on polymarket + BUY NO 'Gold price on July 31, 2026 at 5:00 PM EDT? — above $4671.99' @ 0.980 on kalshi: costs $0.992 for a guaranteed $1 payout (YES on the first leg is forced whenever NO on the second loses)."
2026-07-15T01:47:38Z,kalshi:KXGOLDMON-26JUL3117-T3431.99:BUY YES|polymarket:2677842:BUY YES,cross-platform,0.0046,0.006,0.0014,200.0,0.92,2026-07-31T21:00:00Z,"BUY YES~Gold drops to $3,500 · XAUUSD · by Aug 1~polymarket;BUY YES~Gold settles ≥ $3,431 · XAUUSD · Jul 31~kalshi","BUY YES 'Will Gold (XAUUSD) hit (LOW) $3,500 in July?' @ 0.014 on polymarket + BUY YES 'Gold price on July 31, 2026 at 5:00 PM EDT? — above $3431.99' @ 0.980 on kalshi: costs $0.994 for a guaranteed $1 payout (YES on the first leg is forced whenever NO on the second loses)."
2026-07-15T01:47:38Z,kalshi:KXGOLDMON-26JUL3117-T3471.99:BUY YES|polymarket:2677842:BUY YES,cross-platform,0.0046,0.006,0.0014,200.0,0.92,2026-07-31T21:00:00Z,"BUY YES~Gold drops to $3,500 · XAUUSD · by Aug 1~polymarket;BUY YES~Gold settles ≥ $3,471 · XAUUSD · Jul 31~kalshi","BUY YES 'Will Gold (XAUUSD) hit (LOW) $3,500 in July?' @ 0.014 on polymarket + BUY YES 'Gold price on July 31, 2026 at 5:00 PM EDT? — above $3471.99' @ 0.980 on kalshi: costs $0.994 for a guaranteed $1 payout (YES on the first leg is forced whenever NO on the second loses)."
2026-07-15T01:47:38Z,kalshi:KXGOLDMON-26JUL3117-T3391.99:BUY YES|polymarket:2677842:BUY YES,cross-platform,0.0046,0.006,0.0014,200.0,0.92,2026-07-31T21:00:00Z,"BUY YES~Gold drops to $3,500 · XAUUSD · by Aug 1~polymarket;BUY YES~Gold settles ≥ $3,391 · XAUUSD · Jul 31~kalshi","BUY YES 'Will Gold (XAUUSD) hit (LOW) $3,500 in July?' @ 0.014 on polymarket + BUY YES 'Gold price on July 31, 2026 at 5:00 PM EDT? — above $3391.99' @ 0.980 on kalshi: costs $0.994 for a guaranteed $1 payout (YES on the first leg is forced whenever NO on the second loses)."
2026-07-15T01:47:38Z,kalshi:KXGOLDMON-26JUL3117-T3431.99:BUY YES|polymarket:2677841:BUY YES,cross-platform,0.0026,0.004,0.0014,10.0,0.03,2026-07-31T21:00:00Z,"BUY YES~Gold drops to $3,600 · XAUUSD · by Aug 1~polymarket;BUY YES~Gold settles ≥ $3,431 · XAUUSD · Jul 31~kalshi","BUY YES 'Will Gold (XAUUSD) hit (LOW) $3,600 in July?' @ 0.016 on polymarket + BUY YES 'Gold price on July 31, 2026 at 5:00 PM EDT? — above $3431.99' @ 0.980 on kalshi: costs $0.996 for a guaranteed $1 payout (YES on the first leg is forced whenever NO on the second loses)."
2026-07-15T01:47:38Z,kalshi:KXGOLDMON-26JUL3117-T3471.99:BUY YES|polymarket:2677841:BUY YES,cross-platform,0.0026,0.004,0.0014,10.0,0.03,2026-07-31T21:00:00Z,"BUY YES~Gold drops to $3,600 · XAUUSD · by Aug 1~polymarket;BUY YES~Gold settles ≥ $3,471 · XAUUSD · Jul 31~kalshi","BUY YES 'Will Gold (XAUUSD) hit (LOW) $3,600 in July?' @ 0.016 on polymarket + BUY YES 'Gold price on July 31, 2026 at 5:00 PM EDT? — above $3471.99' @ 0.980 on kalshi: costs $0.996 for a guaranteed $1 payout (YES on the first leg is forced whenever NO on the second loses)."
2026-07-15T01:47:38Z,kalshi:KXGOLDMON-26JUL3117-T3391.99:BUY YES|polymarket:2677841:BUY YES,cross-platform,0.0026,0.004,0.0014,10.0,0.03,2026-07-31T21:00:00Z,"BUY YES~Gold drops to $3,600 · XAUUSD · by Aug 1~polymarket;BUY YES~Gold settles ≥ $3,391 · XAUUSD · Jul 31~kalshi","BUY YES 'Will Gold (XAUUSD) hit (LOW) $3,600 in July?' @ 0.016 on polymarket + BUY YES 'Gold price on July 31, 2026 at 5:00 PM EDT? — above $3391.99' @ 0.980 on kalshi: costs $0.996 for a guaranteed $1 payout (YES on the first leg is forced whenever NO on the second loses)."
2026-07-15T01:47:38Z,kalshi:KXGOLDMON-26JUL3117-T3671.99:BUY YES|polymarket:2677840:BUY YES,cross-platform,0.0003,0.003,0.0027,4.0,0.0,2026-07-31T21:00:00Z,"BUY YES~Gold drops to $3,700 · XAUUSD · by Aug 1~polymarket;BUY YES~Gold settles ≥ $3,671 · XAUUSD · Jul 31~kalshi","BUY YES 'Will Gold (XAUUSD) hit (LOW) $3,700 in July?' @ 0.037 on polymarket + BUY YES 'Gold price on July 31, 2026 at 5:00 PM EDT? — above $3671.99' @ 0.960 on kalshi: costs $0.997 for a guaranteed $1 payout (YES on the first leg is forced whenever NO on the second loses)."
2026-07-15T09:27:22Z,kalshi:KXGOLDMON-26JUL3117-T4511.99:BUY NO|polymarket:2677832:BUY YES,cross-platform,0.0046,0.006,0.0014,400.0,1.84,2026-07-31T21:00:00Z,"BUY YES~Gold hits $4,500 · XAUUSD · by Aug 1~polymarket;BUY NO~Gold settles ≥ $4,511 · XAUUSD · Jul 31~kalshi","BUY YES 'Will Gold (XAUUSD) hit (HIGH) $4,500 in July?' @ 0.014 on polymarket + BUY NO 'Gold price on July 31, 2026 at 5:00 PM EDT? — above $4511.99' @ 0.980 on kalshi: costs $0.994 for a guaranteed $1 payout (YES on the first leg is forced whenever NO on the second loses)."
2026-07-15T09:27:22Z,kalshi:KXGOLDMON-26JUL3117-T4591.99:BUY NO|polymarket:2677832:BUY YES,cross-platform,0.0046,0.006,0.0014,400.0,1.84,2026-07-31T21:00:00Z,"BUY YES~Gold hits $4,500 · XAUUSD · by Aug 1~polymarket;BUY NO~Gold settles ≥ $4,591 · XAUUSD · Jul 31~kalshi","BUY YES 'Will Gold (XAUUSD) hit (HIGH) $4,500 in July?' @ 0.014 on polymarket + BUY NO 'Gold price on July 31, 2026 at 5:00 PM EDT? — above $4591.99' @ 0.980 on kalshi: costs $0.994 for a guaranteed $1 payout (YES on the first leg is forced whenever NO on the second loses)."
2026-07-15T09:27:22Z,kalshi:KXGOLDMON-26JUL3117-T4551.99:BUY NO|polymarket:2677832:BUY YES,cross-platform,0.0046,0.006,0.0014,400.0,1.84,2026-07-31T21:00:00Z,"BUY YES~Gold hits $4,500 · XAUUSD · by Aug 1~polymarket;BUY NO~Gold settles ≥ $4,551 · XAUUSD · Jul 31~kalshi","BUY YES 'Will Gold (XAUUSD) hit (HIGH) $4,500 in July?' @ 0.014 on polymarket + BUY NO 'Gold price on July 31, 2026 at 5:00 PM EDT? — above $4551.99' @ 0.980 on kalshi: costs $0.994 for a guaranteed $1 payout (YES on the first leg is forced whenever NO on the second loses)."
2026-07-15T09:27:22Z,kalshi:KXGOLDMON-26JUL3117-T4671.99:BUY NO|polymarket:2677832:BUY YES,cross-platform,0.0046,0.006,0.0014,200.0,0.92,2026-07-31T21:00:00Z,"BUY YES~Gold hits $4,500 · XAUUSD · by Aug 1~polymarket;BUY NO~Gold settles ≥ $4,671 · XAUUSD · Jul 31~kalshi","BUY YES 'Will Gold (XAUUSD) hit (HIGH) $4,500 in July?' @ 0.014 on polymarket + BUY NO 'Gold price on July 31, 2026 at 5:00 PM EDT? — above $4671.99' @ 0.980 on kalshi: costs $0.994 for a guaranteed $1 payout (YES on the first leg is forced whenever NO on the second loses)."
2026-07-15T09:27:22Z,kalshi:KXGOLDMON-26JUL3117-T3431.99:BUY YES|polymarket:2677841:BUY YES,cross-platform,0.0006,0.002,0.0014,100.1,0.06,2026-07-31T21:00:00Z,"BUY YES~Gold drops to $3,600 · XAUUSD · by Aug 1~polymarket;BUY YES~Gold settles ≥ $3,431 · XAUUSD · Jul 31~kalshi","BUY YES 'Will Gold (XAUUSD) hit (LOW) $3,600 in July?' @ 0.018 on polymarket + BUY YES 'Gold price on July 31, 2026 at 5:00 PM EDT? — above $3431.99' @ 0.980 on kalshi: costs $0.998 for a guaranteed $1 payout (YES on the first leg is forced whenever NO on the second loses)."
2026-07-15T09:27:22Z,kalshi:KXGOLDMON-26JUL3117-T3511.99:BUY YES|polymarket:2677841:BUY YES,cross-platform,0.0006,0.002,0.0014,100.1,0.06,2026-07-31T21:00:00Z,"BUY YES~Gold drops to $3,600 · XAUUSD · by Aug 1~polymarket;BUY YES~Gold settles ≥ $3,511 · XAUUSD · Jul 31~kalshi","BUY YES 'Will Gold (XAUUSD) hit (LOW) $3,600 in July?' @ 0.018 on polymarket + BUY YES 'Gold price on July 31, 2026 at 5:00 PM EDT? — above $3511.99' @ 0.980 on kalshi: costs $0.998 for a guaranteed $1 payout (YES on the first leg is forced whenever NO on the second loses)."
2026-07-15T09:27:22Z,kalshi:KXGOLDMON-26JUL3117-T3471.99:BUY YES|polymarket:2677841:BUY YES,cross-platform,0.0006,0.002,0.0014,100.1,0.06,2026-07-31T21:00:00Z,"BUY YES~Gold drops to $3,600 · XAUUSD · by Aug 1~polymarket;BUY YES~Gold settles ≥ $3,471 · XAUUSD · Jul 31~kalshi","BUY YES 'Will Gold (XAUUSD) hit (LOW) $3,600 in July?' @ 0.018 on polymarket + BUY YES 'Gold price on July 31, 2026 at 5:00 PM EDT? — above $3471.99' @ 0.980 on kalshi: costs $0.998 for a guaranteed $1 payout (YES on the first leg is forced whenever NO on the second loses)."
2026-07-15T09:27:22Z,kalshi:KXGOLDMON-26JUL3117-T3391.99:BUY YES|polymarket:2677841:BUY YES,cross-platform,0.0006,0.002,0.0014,100.1,0.06,2026-07-31T21:00:00Z,"BUY YES~Gold drops to $3,600 · XAUUSD · by Aug 1~polymarket;BUY YES~Gold settles ≥ $3,391 · XAUUSD · Jul 31~kalshi","BUY YES 'Will Gold (XAUUSD) hit (LOW) $3,600 in July?' @ 0.018 on polymarket + BUY YES 'Gold price on July 31, 2026 at 5:00 PM EDT? — above $3391.99' @ 0.980 on kalshi: costs $0.998 for a guaranteed $1 payout (YES on the first leg is forced whenever NO on the second loses)."
2026-07-15T09:27:22Z,kalshi:KXGOLDMON-26JUL3117-T3591.99:BUY YES|polymarket:2677841:BUY YES,cross-platform,0.0006,0.002,0.0014,100.1,0.06,2026-07-31T21:00:00Z,"BUY YES~Gold drops to $3,600 · XAUUSD · by Aug 1~polymarket;BUY YES~Gold settles ≥ $3,591 · XAUUSD · Jul 31~kalshi","BUY YES 'Will Gold (XAUUSD) hit (LOW) $3,600 in July?' @ 0.018 on polymarket + BUY YES 'Gold price on July 31, 2026 at 5:00 PM EDT? — above $3591.99' @ 0.980 on kalshi: costs $0.998 for a guaranteed $1 payout (YES on the first leg is forced whenever NO on the second loses)."
2026-07-15T09:27:22Z,kalshi:KXGOLDMON-26JUL3117-T3551.99:BUY YES|polymarket:2677841:BUY YES,cross-platform,0.0006,0.002,0.0014,67.0,0.04,2026-07-31T21:00:00Z,"BUY YES~Gold drops to $3,600 · XAUUSD · by Aug 1~polymarket;BUY YES~Gold settles ≥ $3,551 · XAUUSD · Jul 31~kalshi","BUY YES 'Will Gold (XAUUSD) hit (LOW) $3,600 in July?' @ 0.018 on polymarket + BUY YES 'Gold price on July 31, 2026 at 5:00 PM EDT? — above $3551.99' @ 0.980 on kalshi: costs $0.998 for a guaranteed $1 payout (YES on the first leg is forced whenever NO on the second loses)."
2026-07-15T12:49:35Z,kalshi:KXGOLDMON-26JUL3117-T3791.99:BUY YES|polymarket:2677839:BUY YES,cross-platform,0.0037,0.01,0.0063,3.0,0.01,2026-07-31T21:00:00Z,"BUY YES~Gold drops to $3,800 · XAUUSD · by Aug 1~polymarket;BUY YES~Gold settles ≥ $3,791 · XAUUSD · Jul 31~kalshi","BUY YES 'Will Gold (XAUUSD) hit (LOW) $3,800 in July?' @ 0.090 on polymarket + BUY YES 'Gold price on July 31, 2026 at 5:00 PM EDT? — above $3791.99' @ 0.900 on kalshi: costs $0.990 for a guaranteed $1 payout (YES on the first leg is forced whenever NO on the second loses)."
2026-07-15T17:44:48Z,kalshi:KXGOLDMON-26JUL3117-T4431.99:BUY NO|polymarket:2677833:BUY YES,cross-platform,0.0037,0.007,0.0033,200.0,0.74,2026-07-31T21:00:00Z,"BUY YES~Gold hits $4,400 · XAUUSD · by Aug 1~polymarket;BUY NO~Gold settles ≥ $4,431 · XAUUSD · Jul 31~kalshi","BUY YES 'Will Gold (XAUUSD) hit (HIGH) $4,400 in July?' @ 0.043 on polymarket + BUY NO 'Gold price on July 31, 2026 at 5:00 PM EDT? — above $4431.99' @ 0.950 on kalshi: costs $0.993 for a guaranteed $1 payout (YES on the first leg is forced whenever NO on the second loses)."
2026-07-15T21:28:29Z,kalshi:KXGOLDMON-26JUL3117-T4631.99:BUY NO|polymarket:2677831:BUY YES,cross-platform,0.0076,0.009,0.0014,200.0,1.52,2026-07-31T21:00:00Z,"BUY YES~Gold hits $4,600 · XAUUSD · by Aug 1~polymarket;BUY NO~Gold settles ≥ $4,631 · XAUUSD · Jul 31~kalshi","BUY YES 'Will Gold (XAUUSD) hit (HIGH) $4,600 in July?' @ 0.011 on polymarket + BUY NO 'Gold price on July 31, 2026 at 5:00 PM EDT? — above $4631.99' @ 0.980 on kalshi: costs $0.991 for a guaranteed $1 payout (YES on the first leg is forced whenever NO on the second loses)."
2026-07-15T21:28:29Z,kalshi:KXGOLDMON-26JUL3117-T4631.99:BUY NO|polymarket:2677832:BUY YES,cross-platform,0.0046,0.006,0.0014,200.0,0.92,2026-07-31T21:00:00Z,"BUY YES~Gold hits $4,500 · XAUUSD · by Aug 1~polymarket;BUY NO~Gold settles ≥ $4,631 · XAUUSD · Jul 31~kalshi","BUY YES 'Will Gold (XAUUSD) hit (HIGH) $4,500 in July?' @ 0.014 on polymarket + BUY NO 'Gold price on July 31, 2026 at 5:00 PM EDT? — above $4631.99' @ 0.980 on kalshi: costs $0.994 for a guaranteed $1 payout (YES on the first leg is forced whenever NO on the second loses)."
2026-07-15T21:28:29Z,kalshi:KXGOLDMON-26JUL3117-T3471.99:BUY YES|polymarket:2677842:BUY YES,cross-platform,0.0056,0.007,0.0014,23.07,0.13,2026-07-31T21:00:00Z,"BUY YES~Gold drops to $3,500 · XAUUSD · by Aug 1~polymarket;BUY YES~Gold settles ≥ $3,471 · XAUUSD · Jul 31~kalshi","BUY YES 'Will Gold (XAUUSD) hit (LOW) $3,500 in July?' @ 0.013 on polymarket + BUY YES 'Gold price on July 31, 2026 at 5:00 PM EDT? — above $3471.99' @ 0.980 on kalshi: costs $0.993 for a guaranteed $1 payout (YES on the first leg is forced whenever NO on the second loses)."
2026-07-15T23:32:00Z,kalshi:KXGOLDMON-26JUL3117-T3471.99:BUY YES|polymarket:2677842:BUY YES,cross-platform,0.0066,0.008,0.0014,13.26,0.09,2026-07-31T21:00:00Z,"BUY YES~Gold drops to $3,500 · XAUUSD · by Aug 1~polymarket;BUY YES~Gold settles ≥ $3,471 · XAUUSD · Jul 31~kalshi","BUY YES 'Will Gold (XAUUSD) hit (LOW) $3,500 in July?' @ 0.012 on polymarket + BUY YES 'Gold price on July 31, 2026 at 5:00 PM EDT? — above $3471.99' @ 0.980 on kalshi: costs $0.992 for a guaranteed $1 payout (YES on the first leg is forced whenever NO on the second loses)."
2026-07-16T01:57:50Z,kalshi:KXGOLDMON-26JUL3117-T4631.99:BUY NO|polymarket:2677832:BUY YES,cross-platform,0.0046,0.006,0.0014,200.0,0.92,2026-07-31T21:00:00Z,"BUY YES~Gold hits $4,500 · XAUUSD · by Aug 1~polymarket;BUY NO~Gold settles ≥ $4,631 · XAUUSD · Jul 31~kalshi","BUY YES 'Will Gold (XAUUSD) hit (HIGH) $4,500 in July?' @ 0.014 on polymarket + BUY NO 'Gold price on July 31, 2026 at 5:00 PM EDT? — above $4631.99' @ 0.980 on kalshi: costs $0.994 for a guaranteed $1 payout (YES on the first leg is forced whenever NO on the second loses)."
2026-07-16T01:57:50Z,kalshi:KXGOLDMON-26JUL3117-T4631.99:BUY NO|polymarket:2677831:BUY YES,cross-platform,0.0076,0.009,0.0014,51.25,0.39,2026-07-31T21:00:00Z,"BUY YES~Gold hits $4,600 · XAUUSD · by Aug 1~polymarket;BUY NO~Gold settles ≥ $4,631 · XAUUSD · Jul 31~kalshi","BUY YES 'Will Gold (XAUUSD) hit (HIGH) $4,600 in July?' @ 0.011 on polymarket + BUY NO 'Gold price on July 31, 2026 at 5:00 PM EDT? — above $4631.99' @ 0.980 on kalshi: costs $0.991 for a guaranteed $1 payout (YES on the first leg is forced whenever NO on the second loses)."
2026-07-16T05:11:05Z,kalshi:KXGOLDMON-26JUL3117-T3351.99:BUY YES|polymarket:2677843:BUY YES,cross-platform,0.0053,0.006,0.0007,25.41,0.13,2026-07-31T21:00:00Z,"BUY YES~Gold drops to $3,400 · XAUUSD · by Aug 1~polymarket;BUY YES~Gold settles ≥ $3,351 · XAUUSD · Jul 31~kalshi","BUY YES 'Will Gold (XAUUSD) hit (LOW) $3,400 in July?' @ 0.004 on polymarket + BUY YES 'Gold price on July 31, 2026 at 5:00 PM EDT? — above $3351.99' @ 0.990 on kalshi: costs $0.994 for a guaranteed $1 payout (YES on the first leg is forced whenever NO on the second loses)."
2026-07-16T05:11:05Z,kalshi:KXGOLDMON-26JUL3117-T3391.99:BUY YES|polymarket:2677843:BUY YES,cross-platform,0.0053,0.006,0.0007,25.41,0.13,2026-07-31T21:00:00Z,"BUY YES~Gold drops to $3,400 · XAUUSD · by Aug 1~polymarket;BUY YES~Gold settles ≥ $3,391 · XAUUSD · Jul 31~kalshi","BUY YES 'Will Gold (XAUUSD) hit (LOW) $3,400 in July?' @ 0.004 on polymarket + BUY YES 'Gold price on July 31, 2026 at 5:00 PM EDT? — above $3391.99' @ 0.990 on kalshi: costs $0.994 for a guaranteed $1 payout (YES on the first leg is forced whenever NO on the second loses)."
2026-07-16T10:01:47Z,kalshi:KXGOLDMON-26JUL3117-T3591.99:BUY YES|polymarket:2677841:BUY YES,cross-platform,0.0033,0.006,0.0027,200.0,0.66,2026-07-31T21:00:00Z,"BUY YES~Gold drops to $3,600 · XAUUSD · by Aug 1~polymarket;BUY YES~Gold settles ≥ $3,591 · XAUUSD · Jul 31~kalshi","BUY YES 'Will Gold (XAUUSD) hit (LOW) $3,600 in July?' @ 0.034 on polymarket + BUY YES 'Gold price on July 31, 2026 at 5:00 PM EDT? — above $3591.99' @ 0.960 on kalshi: costs $0.994 for a guaranteed $1 payout (YES on the first leg is forced whenever NO on the second loses)."
2026-07-16T15:28:16Z,kalshi:KXGOLDMON-26JUL3117-T4311.99:BUY NO|polymarket:2677834:BUY YES,cross-platform,0.0037,0.01,0.0063,5.0,0.02,2026-07-31T21:00:00Z,"BUY YES~Gold hits $4,300 · XAUUSD · by Aug 1~polymarket;BUY NO~Gold settles ≥ $4,311 · XAUUSD · Jul 31~kalshi","BUY YES 'Will Gold (XAUUSD) hit (HIGH) $4,300 in July?' @ 0.090 on polymarket + BUY NO 'Gold price on July 31, 2026 at 5:00 PM EDT? — above $4311.99' @ 0.900 on kalshi: costs $0.990 for a guaranteed $1 payout (YES on the first leg is forced whenever NO on the second loses)."
2026-07-16T18:00:10Z,kalshi:KXGOLDMON-26JUL3117-T3391.99:BUY YES|polymarket:2677843:BUY YES,cross-platform,0.0053,0.006,0.0007,10.0,0.05,2026-07-31T21:00:00Z,"BUY YES~Gold drops to $3,400 · XAUUSD · by Aug 1~polymarket;BUY YES~Gold settles ≥ $3,391 · XAUUSD · Jul 31~kalshi","BUY YES 'Will Gold (XAUUSD) hit (LOW) $3,400 in July?' @ 0.004 on polymarket + BUY YES 'Gold price on July 31, 2026 at 5:00 PM EDT? — above $3391.99' @ 0.990 on kalshi: costs $0.994 for a guaranteed $1 payout (YES on the first leg is forced whenever NO on the second loses)."
2026-07-16T19:22:04Z,kalshi:KXGOLDMON-26JUL3117-T4591.99:BUY NO|polymarket:2677832:BUY YES,cross-platform,0.015,0.017,0.002,200.0,3.0,2026-07-31T21:00:00Z,"BUY YES~Gold hits $4,500 · XAUUSD · by Aug 1~polymarket;BUY NO~Gold settles ≥ $4,591 · XAUUSD · Jul 31~kalshi","BUY YES 'Will Gold (XAUUSD) hit (HIGH) $4,500 in July?' @ 0.013 on polymarket + BUY NO 'Gold price on July 31, 2026 at 5:00 PM EDT? — above $4591.99' @ 0.970 on kalshi: costs $0.983 for a guaranteed $1 payout (YES on the first leg is forced whenever NO on the second loses)."
2026-07-16T19:22:04Z,kalshi:KXGOLDMON-26JUL3117-T4551.99:BUY NO|polymarket:2677832:BUY YES,cross-platform,0.0056,0.007,0.0014,200.0,1.12,2026-07-31T21:00:00Z,"BUY YES~Gold hits $4,500 · XAUUSD · by Aug 1~polymarket;BUY NO~Gold settles ≥ $4,551 · XAUUSD · Jul 31~kalshi","BUY YES 'Will Gold (XAUUSD) hit (HIGH) $4,500 in July?' @ 0.013 on polymarket + BUY NO 'Gold price on July 31, 2026 at 5:00 PM EDT? — above $4551.99' @ 0.980 on kalshi: costs $0.993 for a guaranteed $1 payout (YES on the first leg is forced whenever NO on the second loses)."
2026-07-16T19:22:04Z,kalshi:KXGOLDMON-26JUL3117-T4511.99:BUY NO|polymarket:2677832:BUY YES,cross-platform,0.0056,0.007,0.0014,100.0,0.56,2026-07-31T21:00:00Z,"BUY YES~Gold hits $4,500 · XAUUSD · by Aug 1~polymarket;BUY NO~Gold settles ≥ $4,511 · XAUUSD · Jul 31~kalshi","BUY YES 'Will Gold (XAUUSD) hit (HIGH) $4,500 in July?' @ 0.013 on polymarket + BUY NO 'Gold price on July 31, 2026 at 5:00 PM EDT? — above $4511.99' @ 0.980 on kalshi: costs $0.993 for a guaranteed $1 payout (YES on the first leg is forced whenever NO on the second loses)."
2026-07-16T19:22:04Z,kalshi:KXGOLDMON-26JUL3117-T4591.99:BUY NO|polymarket:2677833:BUY YES,cross-platform,0.004,0.006,0.002,24.99,0.1,2026-07-31T21:00:00Z,"BUY YES~Gold hits $4,400 · XAUUSD · by Aug 1~polymarket;BUY NO~Gold settles ≥ $4,591 · XAUUSD · Jul 31~kalshi","BUY YES 'Will Gold (XAUUSD) hit (HIGH) $4,400 in July?' @ 0.024 on polymarket + BUY NO 'Gold price on July 31, 2026 at 5:00 PM EDT? — above $4591.99' @ 0.970 on kalshi: costs $0.994 for a guaranteed $1 payout (YES on the first leg is forced whenever NO on the second loses)."
2026-07-16T19:22:04Z,kalshi:KXGOLDMON-26JUL3117-T3311.99:BUY YES|polymarket:2677843:BUY YES,cross-platform,0.0033,0.004,0.0007,25.41,0.08,2026-07-31T21:00:00Z,"BUY YES~Gold drops to $3,400 · XAUUSD · by Aug 1~polymarket;BUY YES~Gold settles ≥ $3,311 · XAUUSD · Jul 31~kalshi","BUY YES 'Will Gold (XAUUSD) hit (LOW) $3,400 in July?' @ 0.006 on polymarket + BUY YES 'Gold price on July 31, 2026 at 5:00 PM EDT? — above $3311.99' @ 0.990 on kalshi: costs $0.996 for a guaranteed $1 payout (YES on the first leg is forced whenever NO on the second loses)."
2026-07-16T19:22:04Z,kalshi:KXGOLDMON-26JUL3117-T3351.99:BUY YES|polymarket:2677843:BUY YES,cross-platform,0.0033,0.004,0.0007,25.41,0.08,2026-07-31T21:00:00Z,"BUY YES~Gold drops to $3,400 · XAUUSD · by Aug 1~polymarket;BUY YES~Gold settles ≥ $3,351 · XAUUSD · Jul 31~kalshi","BUY YES 'Will Gold (XAUUSD) hit (LOW) $3,400 in July?' @ 0.006 on polymarket + BUY YES 'Gold price on July 31, 2026 at 5:00 PM EDT? — above $3351.99' @ 0.990 on kalshi: costs $0.996 for a guaranteed $1 payout (YES on the first leg is forced whenever NO on the second loses)."
2026-07-16T21:30:52Z,kalshi:KXGOLDMON-26JUL3117-T3551.99:BUY YES|polymarket:2677840:BUY YES,cross-platform,0.0461,0.053,0.0069,100.0,4.61,2026-07-31T21:00:00Z,"BUY YES~Gold drops to $3,700 · XAUUSD · by Aug 1~polymarket;BUY YES~Gold settles ≥ $3,551 · XAUUSD · Jul 31~kalshi","BUY YES 'Will Gold (XAUUSD) hit (LOW) $3,700 in July?' @ 0.057 on polymarket + BUY YES 'Gold price on July 31, 2026 at 5:00 PM EDT? — above $3551.99' @ 0.890 on kalshi: costs $0.947 for a guaranteed $1 payout (YES on the first leg is forced whenever NO on the second loses)."
2026-07-16T21:30:52Z,kalshi:KXGOLDMON-26JUL3117-T4671.99:BUY NO|polymarket:2677831:BUY YES,cross-platform,0.0377,0.041,0.0033,100.0,3.77,2026-07-31T21:00:00Z,"BUY YES~Gold hits $4,600 · XAUUSD · by Aug 1~polymarket;BUY NO~Gold settles ≥ $4,671 · XAUUSD · Jul 31~kalshi","BUY YES 'Will Gold (XAUUSD) hit (HIGH) $4,600 in July?' @ 0.009 on polymarket + BUY NO 'Gold price on July 31, 2026 at 5:00 PM EDT? — above $4671.99' @ 0.950 on kalshi: costs $0.959 for a guaranteed $1 payout (YES on the first leg is forced whenever NO on the second loses)."
2026-07-16T21:30:52Z,kalshi:KXGOLDMON-26JUL3117-T4671.99:BUY NO|polymarket:2677832:BUY YES,cross-platform,0.0347,0.038,0.0033,100.0,3.47,2026-07-31T21:00:00Z,"BUY YES~Gold hits $4,500 · XAUUSD · by Aug 1~polymarket;BUY NO~Gold settles ≥ $4,671 · XAUUSD · Jul 31~kalshi","BUY YES 'Will Gold (XAUUSD) hit (HIGH) $4,500 in July?' @ 0.012 on polymarket + BUY NO 'Gold price on July 31, 2026 at 5:00 PM EDT? — above $4671.99' @ 0.950 on kalshi: costs $0.962 for a guaranteed $1 payout (YES on the first leg is forced whenever NO on the second loses)."
2026-07-16T21:30:52Z,kalshi:KXGOLDMON-26JUL3117-T4671.99:BUY NO|polymarket:2677833:BUY YES,cross-platform,0.0287,0.032,0.0033,25.0,0.72,2026-07-31T21:00:00Z,"BUY YES~Gold hits $4,400 · XAUUSD · by Aug 1~polymarket;BUY NO~Gold settles ≥ $4,671 · XAUUSD · Jul 31~kalshi","BUY YES 'Will Gold (XAUUSD) hit (HIGH) $4,400 in July?' @ 0.018 on polymarket + BUY NO 'Gold price on July 31, 2026 at 5:00 PM EDT? — above $4671.99' @ 0.950 on kalshi: costs $0.968 for a guaranteed $1 payout (YES on the first leg is forced whenever NO on the second loses)."
2026-07-16T21:30:52Z,kalshi:KXGOLDMON-26JUL3117-T4511.99:BUY NO|polymarket:2677833:BUY YES,cross-platform,0.0287,0.032,0.0033,25.0,0.72,2026-07-31T21:00:00Z,"BUY YES~Gold hits $4,400 · XAUUSD · by Aug 1~polymarket;BUY NO~Gold settles ≥ $4,511 · XAUUSD · Jul 31~kalshi","BUY YES 'Will Gold (XAUUSD) hit (HIGH) $4,400 in July?' @ 0.018 on polymarket + BUY NO 'Gold price on July 31, 2026 at 5:00 PM EDT? — above $4511.99' @ 0.950 on kalshi: costs $0.968 for a guaranteed $1 payout (YES on the first leg is forced whenever NO on the second loses)."
2026-07-16T21:30:52Z,kalshi:KXGOLDMON-26JUL3117-T3551.99:BUY YES|polymarket:2677841:BUY YES,cross-platform,0.0701,0.077,0.0069,10.0,0.7,2026-07-31T21:00:00Z,"BUY YES~Gold drops to $3,600 · XAUUSD · by Aug 1~polymarket;BUY YES~Gold settles ≥ $3,551 · XAUUSD · Jul 31~kalshi","BUY YES 'Will Gold (XAUUSD) hit (LOW) $3,600 in July?' @ 0.033 on polymarket + BUY YES 'Gold price on July 31, 2026 at 5:00 PM EDT? — above $3551.99' @ 0.890 on kalshi: costs $0.923 for a guaranteed $1 payout (YES on the first leg is forced whenever NO on the second loses)."
2026-07-16T21:30:52Z,kalshi:KXGOLDMON-26JUL3117-T4391.99:BUY NO|polymarket:2677834:BUY YES,cross-platform,0.0143,0.02,0.0057,25.0,0.36,2026-07-31T21:00:00Z,"BUY YES~Gold hits $4,300 · XAUUSD · by Aug 1~polymarket;BUY NO~Gold settles ≥ $4,391 · XAUUSD · Jul 31~kalshi","BUY YES 'Will Gold (XAUUSD) hit (HIGH) $4,300 in July?' @ 0.070 on polymarket + BUY NO 'Gold price on July 31, 2026 at 5:00 PM EDT? — above $4391.99' @ 0.910 on kalshi: costs $0.980 for a guaranteed $1 payout (YES on the first leg is forced whenever NO on the second loses)."
2026-07-16T21:30:52Z,kalshi:KXGOLDMON-26JUL3117-T4711.99:BUY NO|polymarket:2677831:BUY YES,cross-platform,0.0003,0.001,0.0007,100.0,0.03,2026-07-31T21:00:00Z,"BUY YES~Gold hits $4,600 · XAUUSD · by Aug 1~polymarket;BUY NO~Gold settles ≥ $4,711 · XAUUSD · Jul 31~kalshi","BUY YES 'Will Gold (XAUUSD) hit (HIGH) $4,600 in July?' @ 0.009 on polymarket + BUY NO 'Gold price on July 31, 2026 at 5:00 PM EDT? — above $4711.99' @ 0.990 on kalshi: costs $0.999 for a guaranteed $1 payout (YES on the first leg is forced whenever NO on the second loses)."
2026-07-16T22:51:49Z,kalshi:KXGOLDMON-26JUL3117-T3591.99:BUY YES|polymarket:2677840:BUY YES,cross-platform,0.0556,0.063,0.0074,187.79,10.44,2026-07-31T21:00:00Z,"BUY YES~Gold drops to $3,700 · XAUUSD · by Aug 1~polymarket;BUY YES~Gold settles ≥ $3,591 · XAUUSD · Jul 31~kalshi","BUY YES 'Will Gold (XAUUSD) hit (LOW) $3,700 in July?' @ 0.057 on polymarket + BUY YES 'Gold price on July 31, 2026 at 5:00 PM EDT? — above $3591.99' @ 0.880 on kalshi: costs $0.937 for a guaranteed $1 payout (YES on the first leg is forced whenever NO on the second loses)."
2026-07-16T22:51:49Z,kalshi:KXGOLDMON-26JUL3117-T3671.99:BUY YES|polymarket:2677840:BUY YES,cross-platform,0.0556,0.063,0.0074,187.79,10.44,2026-07-31T21:00:00Z,"BUY YES~Gold drops to $3,700 · XAUUSD · by Aug 1~polymarket;BUY YES~Gold settles ≥ $3,671 · XAUUSD · Jul 31~kalshi","BUY YES 'Will Gold (XAUUSD) hit (LOW) $3,700 in July?' @ 0.057 on polymarket + BUY YES 'Gold price on July 31, 2026 at 5:00 PM EDT? — above $3671.99' @ 0.880 on kalshi: costs $0.937 for a guaranteed $1 payout (YES on the first leg is forced whenever NO on the second loses)."
2026-07-16T22:51:49Z,kalshi:KXGOLDMON-26JUL3117-T3631.99:BUY YES|polymarket:2677840:BUY YES,cross-platform,0.0556,0.063,0.0074,187.79,10.44,2026-07-31T21:00:00Z,"BUY YES~Gold drops to $3,700 · XAUUSD · by Aug 1~polymarket;BUY YES~Gold settles ≥ $3,631 · XAUUSD · Jul 31~kalshi","BUY YES 'Will Gold (XAUUSD) hit (LOW) $3,700 in July?' @ 0.057 on polymarket + BUY YES 'Gold price on July 31, 2026 at 5:00 PM EDT? — above $3631.99' @ 0.880 on kalshi: costs $0.937 for a guaranteed $1 payout (YES on the first leg is forced whenever NO on the second loses)."
2026-07-16T22:51:49Z,kalshi:KXGOLDMON-26JUL3117-T4591.99:BUY NO|polymarket:2677832:BUY YES,cross-platform,0.0461,0.05,0.0039,200.0,9.22,2026-07-31T21:00:00Z,"BUY YES~Gold hits $4,500 · XAUUSD · by Aug 1~polymarket;BUY NO~Gold settles ≥ $4,591 · XAUUSD · Jul 31~kalshi","BUY YES 'Will Gold (XAUUSD) hit (HIGH) $4,500 in July?' @ 0.010 on polymarket + BUY NO 'Gold price on July 31, 2026 at 5:00 PM EDT? — above $4591.99' @ 0.940 on kalshi: costs $0.950 for a guaranteed $1 payout (YES on the first leg is forced whenever NO on the second loses)."
2026-07-16T22:51:49Z,kalshi:KXGOLDMON-26JUL3117-T4551.99:BUY NO|polymarket:2677832:BUY YES,cross-platform,0.0461,0.05,0.0039,200.0,9.22,2026-07-31T21:00:00Z,"BUY YES~Gold hits $4,500 · XAUUSD · by Aug 1~polymarket;BUY NO~Gold settles ≥ $4,551 · XAUUSD · Jul 31~kalshi","BUY YES 'Will Gold (XAUUSD) hit (HIGH) $4,500 in July?' @ 0.010 on polymarket + BUY NO 'Gold price on July 31, 2026 at 5:00 PM EDT? — above $4551.99' @ 0.940 on kalshi: costs $0.950 for a guaranteed $1 payout (YES on the first leg is forced whenever NO on the second loses)."
2026-07-16T22:51:49Z,kalshi:KXGOLDMON-26JUL3117-T4631.99:BUY NO|polymarket:2677832:BUY YES,cross-platform,0.0367,0.04,0.0033,200.0,7.34,2026-07-31T21:00:00Z,"BUY YES~Gold hits $4,500 · XAUUSD · by Aug 1~polymarket;BUY NO~Gold settles ≥ $4,631 · XAUUSD · Jul 31~kalshi","BUY YES 'Will Gold (XAUUSD) hit (HIGH) $4,500 in July?' @ 0.010 on polymarket + BUY NO 'Gold price on July 31, 2026 at 5:00 PM EDT? — above $4631.99' @ 0.950 on kalshi: costs $0.960 for a guaranteed $1 payout (YES on the first leg is forced whenever NO on the second loses)."
2026-07-16T22:51:49Z,kalshi:KXGOLDMON-26JUL3117-T4631.99:BUY NO|polymarket:2677831:BUY YES,cross-platform,0.0377,0.041,0.0033,100.0,3.77,2026-07-31T21:00:00Z,"BUY YES~Gold hits $4,600 · XAUUSD · by Aug 1~polymarket;BUY NO~Gold settles ≥ $4,631 · XAUUSD · Jul 31~kalshi","BUY YES 'Will Gold (XAUUSD) hit (HIGH) $4,600 in July?' @ 0.009 on polymarket + BUY NO 'Gold price on July 31, 2026 at 5:00 PM EDT? — above $4631.99' @ 0.950 on kalshi: costs $0.959 for a guaranteed $1 payout (YES on the first leg is forced whenever NO on the second loses)."
2026-07-16T22:51:49Z,kalshi:KXGOLDMON-26JUL3117-T4591.99:BUY NO|polymarket:2677833:BUY YES,cross-platform,0.0441,0.048,0.0039,19.99,0.88,2026-07-31T21:00:00Z,"BUY YES~Gold hits $4,400 · XAUUSD · by Aug 1~polymarket;BUY NO~Gold settles ≥ $4,591 · XAUUSD · Jul 31~kalshi","BUY YES 'Will Gold (XAUUSD) hit (HIGH) $4,400 in July?' @ 0.012 on polymarket + BUY NO 'Gold price on July 31, 2026 at 5:00 PM EDT? — above $4591.99' @ 0.940 on kalshi: costs $0.952 for a guaranteed $1 payout (YES on the first leg is forced whenever NO on the second loses)."
2026-07-16T22:51:49Z,kalshi:KXGOLDMON-26JUL3117-T4551.99:BUY NO|polymarket:2677833:BUY YES,cross-platform,0.0441,0.048,0.0039,19.99,0.88,2026-07-31T21:00:00Z,"BUY YES~Gold hits $4,400 · XAUUSD · by Aug 1~polymarket;BUY NO~Gold settles ≥ $4,551 · XAUUSD · Jul 31~kalshi","BUY YES 'Will Gold (XAUUSD) hit (HIGH) $4,400 in July?' @ 0.012 on polymarket + BUY NO 'Gold price on July 31, 2026 at 5:00 PM EDT? — above $4551.99' @ 0.940 on kalshi: costs $0.952 for a guaranteed $1 payout (YES on the first leg is forced whenever NO on the second loses)."
2026-07-16T22:51:49Z,kalshi:KXGOLDMON-26JUL3117-T4431.99:BUY NO|polymarket:2677833:BUY YES,cross-platform,0.0441,0.048,0.0039,19.99,0.88,2026-07-31T21:00:00Z,"BUY YES~Gold hits $4,400 · XAUUSD · by Aug 1~polymarket;BUY NO~Gold settles ≥ $4,431 · XAUUSD · Jul 31~kalshi","BUY YES 'Will Gold (XAUUSD) hit (HIGH) $4,400 in July?' @ 0.012 on polymarket + BUY NO 'Gold price on July 31, 2026 at 5:00 PM EDT? — above $4431.99' @ 0.940 on kalshi: costs $0.952 for a guaranteed $1 payout (YES on the first leg is forced whenever NO on the second loses)."
2026-07-16T22:51:49Z,kalshi:KXGOLDMON-26JUL3117-T4471.99:BUY NO|polymarket:2677833:BUY YES,cross-platform,0.0441,0.048,0.0039,19.99,0.88,2026-07-31T21:00:00Z,"BUY YES~Gold hits $4,400 · XAUUSD · by Aug 1~polymarket;BUY NO~Gold settles ≥ $4,471 · XAUUSD · Jul 31~kalshi","BUY YES 'Will Gold (XAUUSD) hit (HIGH) $4,400 in July?' @ 0.012 on polymarket + BUY NO 'Gold price on July 31, 2026 at 5:00 PM EDT? — above $4471.99' @ 0.940 on kalshi: costs $0.952 for a guaranteed $1 payout (YES on the first leg is forced whenever NO on the second loses)."
2026-07-16T22:51:49Z,kalshi:KXGOLDMON-26JUL3117-T3591.99:BUY YES|polymarket:2677841:BUY YES,cross-platform,0.0796,0.087,0.0074,10.0,0.8,2026-07-31T21:00:00Z,"BUY YES~Gold drops to $3,600 · XAUUSD · by Aug 1~polymarket;BUY YES~Gold settles ≥ $3,591 · XAUUSD · Jul 31~kalshi","BUY YES 'Will Gold (XAUUSD) hit (LOW) $3,600 in July?' @ 0.033 on polymarket + BUY YES 'Gold price on July 31, 2026 at 5:00 PM EDT? — above $3591.99' @ 0.880 on kalshi: costs $0.913 for a guaranteed $1 payout (YES on the first leg is forced whenever NO on the second loses)."
2026-07-16T22:51:49Z,kalshi:KXGOLDMON-26JUL3117-T4631.99:BUY NO|polymarket:2677833:BUY YES,cross-platform,0.0347,0.038,0.0033,19.99,0.69,2026-07-31T21:00:00Z,"BUY YES~Gold hits $4,400 · XAUUSD · by Aug 1~polymarket;BUY NO~Gold settles ≥ $4,631 · XAUUSD · Jul 31~kalshi","BUY YES 'Will Gold (XAUUSD) hit (HIGH) $4,400 in July?' @ 0.012 on polymarket + BUY NO 'Gold price on July 31, 2026 at 5:00 PM EDT? — above $4631.99' @ 0.950 on kalshi: costs $0.962 for a guaranteed $1 payout (YES on the first leg is forced whenever NO on the second loses)."
2026-07-16T22:51:49Z,kalshi:KXGOLDMON-26JUL3117-T3391.99:BUY YES|polymarket:2677843:BUY YES,cross-platform,0.0427,0.046,0.0033,15.0,0.64,2026-07-31T21:00:00Z,"BUY YES~Gold drops to $3,400 · XAUUSD · by Aug 1~polymarket;BUY YES~Gold settles ≥ $3,391 · XAUUSD · Jul 31~kalshi","BUY YES 'Will Gold (XAUUSD) hit (LOW) $3,400 in July?' @ 0.004 on polymarket + BUY YES 'Gold price on July 31, 2026 at 5:00 PM EDT? — above $3391.99' @ 0.950 on kalshi: costs $0.954 for a guaranteed $1 payout (YES on the first leg is forced whenever NO on the second loses)."
2026-07-16T22:51:49Z,kalshi:KXGOLDMON-26JUL3117-T3431.99:BUY YES|polymarket:2677842:BUY YES,cross-platform,0.0327,0.036,0.0033,9.03,0.3,2026-07-31T21:00:00Z,"BUY YES~Gold drops to $3,500 · XAUUSD · by Aug 1~polymarket;BUY YES~Gold settles ≥ $3,431 · XAUUSD · Jul 31~kalshi","BUY YES 'Will Gold (XAUUSD) hit (LOW) $3,500 in July?' @ 0.014 on polymarket + BUY YES 'Gold price on July 31, 2026 at 5:00 PM EDT? — above $3431.99' @ 0.950 on kalshi: costs $0.964 for a guaranteed $1 payout (YES on the first leg is forced whenever NO on the second loses)."
2026-07-16T22:51:49Z,kalshi:KXGOLDMON-26JUL3117-T3391.99:BUY YES|polymarket:2677842:BUY YES,cross-platform,0.0327,0.036,0.0033,9.03,0.3,2026-07-31T21:00:00Z,"BUY YES~Gold drops to $3,500 · XAUUSD · by Aug 1~polymarket;BUY YES~Gold settles ≥ $3,391 · XAUUSD · Jul 31~kalshi","BUY YES 'Will Gold (XAUUSD) hit (LOW) $3,500 in July?' @ 0.014 on polymarket + BUY YES 'Gold price on July 31, 2026 at 5:00 PM EDT? — above $3391.99' @ 0.950 on kalshi: costs $0.964 for a guaranteed $1 payout (YES on the first leg is forced whenever NO on the second loses)."
2026-07-16T22:51:49Z,kalshi:KXGOLDMON-26JUL3117-T3471.99:BUY YES|polymarket:2677842:BUY YES,cross-platform,0.0327,0.036,0.0033,9.03,0.3,2026-07-31T21:00:00Z,"BUY YES~Gold drops to $3,500 · XAUUSD · by Aug 1~polymarket;BUY YES~Gold settles ≥ $3,471 · XAUUSD · Jul 31~kalshi","BUY YES 'Will Gold (XAUUSD) hit (LOW) $3,500 in July?' @ 0.014 on polymarket + BUY YES 'Gold price on July 31, 2026 at 5:00 PM EDT? — above $3471.99' @ 0.950 on kalshi: costs $0.964 for a guaranteed $1 payout (YES on the first leg is forced whenever NO on the second loses)."
2026-07-16T22:51:49Z,kalshi:KXGOLDMON-26JUL3117-T3431.99:BUY YES|polymarket:2677841:BUY YES,cross-platform,0.0137,0.017,0.0033,10.0,0.14,2026-07-31T21:00:00Z,"BUY YES~Gold drops to $3,600 · XAUUSD · by Aug 1~polymarket;BUY YES~Gold settles ≥ $3,431 · XAUUSD · Jul 31~kalshi","BUY YES 'Will Gold (XAUUSD) hit (LOW) $3,600 in July?' @ 0.033 on polymarket + BUY YES 'Gold price on July 31, 2026 at 5:00 PM EDT? — above $3431.99' @ 0.950 on kalshi: costs $0.983 for a guaranteed $1 payout (YES on the first leg is forced whenever NO on the second loses)."
2026-07-16T22:51:49Z,kalshi:KXGOLDMON-26JUL3117-T3391.99:BUY YES|polymarket:2677841:BUY YES,cross-platform,0.0137,0.017,0.0033,10.0,0.14,2026-07-31T21:00:00Z,"BUY YES~Gold drops to $3,600 · XAUUSD · by Aug 1~polymarket;BUY YES~Gold settles ≥ $3,391 · XAUUSD · Jul 31~kalshi","BUY YES 'Will Gold (XAUUSD) hit (LOW) $3,600 in July?' @ 0.033 on polymarket + BUY YES 'Gold price on July 31, 2026 at 5:00 PM EDT? — above $3391.99' @ 0.950 on kalshi: costs $0.983 for a guaranteed $1 payout (YES on the first leg is forced whenever NO on the second loses)."
2026-07-16T22:51:49Z,kalshi:KXGOLDMON-26JUL3117-T3471.99:BUY YES|polymarket:2677841:BUY YES,cross-platform,0.0137,0.017,0.0033,10.0,0.14,2026-07-31T21:00:00Z,"BUY YES~Gold drops to $3,600 · XAUUSD · by Aug 1~polymarket;BUY YES~Gold settles ≥ $3,471 · XAUUSD · Jul 31~kalshi","BUY YES 'Will Gold (XAUUSD) hit (LOW) $3,600 in July?' @ 0.033 on polymarket + BUY YES 'Gold price on July 31, 2026 at 5:00 PM EDT? — above $3471.99' @ 0.950 on kalshi: costs $0.983 for a guaranteed $1 payout (YES on the first leg is forced whenever NO on the second loses)."
2026-07-16T22:51:49Z,kalshi:KXGOLDMON-26JUL3117-T3511.99:BUY YES|polymarket:2677841:BUY YES,cross-platform,0.0043,0.007,0.0027,10.0,0.04,2026-07-31T21:00:00Z,"BUY YES~Gold drops to $3,600 · XAUUSD · by Aug 1~polymarket;BUY YES~Gold settles ≥ $3,511 · XAUUSD · Jul 31~kalshi","BUY YES 'Will Gold (XAUUSD) hit (LOW) $3,600 in July?' @ 0.033 on polymarket + BUY YES 'Gold price on July 31, 2026 at 5:00 PM EDT? — above $3511.99' @ 0.960 on kalshi: costs $0.993 for a guaranteed $1 payout (YES on the first leg is forced whenever NO on the second loses)."
2026-07-16T23:53:03Z,kalshi:KXGOLDMON-26JUL3117-T3351.99:BUY YES|polymarket:2677843:BUY YES,cross-platform,0.0053,0.006,0.0007,15.0,0.08,2026-07-31T21:00:00Z,"BUY YES~Gold drops to $3,400 · XAUUSD · by Aug 1~polymarket;BUY YES~Gold settles ≥ $3,351 · XAUUSD · Jul 31~kalshi","BUY YES 'Will Gold (XAUUSD) hit (LOW) $3,400 in July?' @ 0.004 on polymarket + BUY YES 'Gold price on July 31, 2026 at 5:00 PM EDT? — above $3351.99' @ 0.990 on kalshi: costs $0.994 for a guaranteed $1 payout (YES on the first leg is forced whenever NO on the second loses)."
2026-07-16T23:53:03Z,kalshi:KXGOLDMON-26JUL3117-T4711.99:BUY NO|polymarket:2677831:BUY YES,cross-platform,0.0003,0.001,0.0007,100.0,0.03,2026-07-31T21:00:00Z,"BUY YES~Gold hits $4,600 · XAUUSD · by Aug 1~polymarket;BUY NO~Gold settles ≥ $4,711 · XAUUSD · Jul 31~kalshi","BUY YES 'Will Gold (XAUUSD) hit (HIGH) $4,600 in July?' @ 0.009 on polymarket + BUY NO 'Gold price on July 31, 2026 at 5:00 PM EDT? — above $4711.99' @ 0.990 on kalshi: costs $0.999 for a guaranteed $1 payout (YES on the first leg is forced whenever NO on the second loses)."
2026-07-17T02:01:48Z,kalshi:KXGOLDMON-26JUL3117-T3551.99:BUY YES|polymarket:2677841:BUY YES,cross-platform,0.0157,0.019,0.0033,30.0,0.47,2026-07-31T21:00:00Z,"BUY YES~Gold drops to $3,600 · XAUUSD · by Aug 1~polymarket;BUY YES~Gold settles ≥ $3,551 · XAUUSD · Jul 31~kalshi","BUY YES 'Will Gold (XAUUSD) hit (LOW) $3,600 in July?' @ 0.031 on polymarket + BUY YES 'Gold price on July 31, 2026 at 5:00 PM EDT? — above $3551.99' @ 0.950 on kalshi: costs $0.981 for a guaranteed $1 payout (YES on the first leg is forced whenever NO on the second loses)."
2026-07-17T02:01:48Z,kalshi:KXGOLDMON-26JUL3117-T3431.99:BUY YES|polymarket:2677842:BUY YES,cross-platform,0.0233,0.026,0.0027,9.03,0.21,2026-07-31T21:00:00Z,"BUY YES~Gold drops to $3,500 · XAUUSD · by Aug 1~polymarket;BUY YES~Gold settles ≥ $3,431 · XAUUSD · Jul 31~kalshi","BUY YES 'Will Gold (XAUUSD) hit (LOW) $3,500 in July?' @ 0.014 on polymarket + BUY YES 'Gold price on July 31, 2026 at 5:00 PM EDT? — above $3431.99' @ 0.960 on kalshi: costs $0.974 for a guaranteed $1 payout (YES on the first leg is forced whenever NO on the second loses)."
2026-07-17T02:01:48Z,kalshi:KXGOLDMON-26JUL3117-T3471.99:BUY YES|polymarket:2677842:BUY YES,cross-platform,0.0233,0.026,0.0027,9.03,0.21,2026-07-31T21:00:00Z,"BUY YES~Gold drops to $3,500 · XAUUSD · by Aug 1~polymarket;BUY YES~Gold settles ≥ $3,471 · XAUUSD · Jul 31~kalshi","BUY YES 'Will Gold (XAUUSD) hit (LOW) $3,500 in July?' @ 0.014 on polymarket + BUY YES 'Gold price on July 31, 2026 at 5:00 PM EDT? — above $3471.99' @ 0.960 on kalshi: costs $0.974 for a guaranteed $1 payout (YES on the first leg is forced whenever NO on the second loses)."
2026-07-17T02:01:48Z,kalshi:KXGOLDMON-26JUL3117-T3431.99:BUY YES|polymarket:2677841:BUY YES,cross-platform,0.0063,0.009,0.0027,30.0,0.19,2026-07-31T21:00:00Z,"BUY YES~Gold drops to $3,600 · XAUUSD · by Aug 1~polymarket;BUY YES~Gold settles ≥ $3,431 · XAUUSD · Jul 31~kalshi","BUY YES 'Will Gold (XAUUSD) hit (LOW) $3,600 in July?' @ 0.031 on polymarket + BUY YES 'Gold price on July 31, 2026 at 5:00 PM EDT? — above $3431.99' @ 0.960 on kalshi: costs $0.991 for a guaranteed $1 payout (YES on the first leg is forced whenever NO on the second loses)."
2026-07-17T02:01:48Z,kalshi:KXGOLDMON-26JUL3117-T3511.99:BUY YES|polymarket:2677841:BUY YES,cross-platform,0.0063,0.009,0.0027,30.0,0.19,2026-07-31T21:00:00Z,"BUY YES~Gold drops to $3,600 · XAUUSD · by Aug 1~polymarket;BUY YES~Gold settles ≥ $3,511 · XAUUSD · Jul 31~kalshi","BUY YES 'Will Gold (XAUUSD) hit (LOW) $3,600 in July?' @ 0.031 on polymarket + BUY YES 'Gold price on July 31, 2026 at 5:00 PM EDT? — above $3511.99' @ 0.960 on kalshi: costs $0.991 for a guaranteed $1 payout (YES on the first leg is forced whenever NO on the second loses)."
2026-07-17T02:01:48Z,kalshi:KXGOLDMON-26JUL3117-T3471.99:BUY YES|polymarket:2677841:BUY YES,cross-platform,0.0063,0.009,0.0027,30.0,0.19,2026-07-31T21:00:00Z,"BUY YES~Gold drops to $3,600 · XAUUSD · by Aug 1~polymarket;BUY YES~Gold settles ≥ $3,471 · XAUUSD · Jul 31~kalshi","BUY YES 'Will Gold (XAUUSD) hit (LOW) $3,600 in July?' @ 0.031 on polymarket + BUY YES 'Gold price on July 31, 2026 at 5:00 PM EDT? — above $3471.99' @ 0.960 on kalshi: costs $0.991 for a guaranteed $1 payout (YES on the first leg is forced whenever NO on the second loses)."
2026-07-17T02:01:48Z,kalshi:KXGOLDMON-26JUL3117-T3351.99:BUY YES|polymarket:2677842:BUY YES,cross-platform,0.0046,0.006,0.0014,9.03,0.04,2026-07-31T21:00:00Z,"BUY YES~Gold drops to $3,500 · XAUUSD · by Aug 1~polymarket;BUY YES~Gold settles ≥ $3,351 · XAUUSD · Jul 31~kalshi","BUY YES 'Will Gold (XAUUSD) hit (LOW) $3,500 in July?' @ 0.014 on polymarket + BUY YES 'Gold price on July 31, 2026 at 5:00 PM EDT? — above $3351.99' @ 0.980 on kalshi: costs $0.994 for a guaranteed $1 payout (YES on the first leg is forced whenever NO on the second loses)."
2026-07-17T02:01:48Z,kalshi:KXGOLDMON-26JUL3117-T3391.99:BUY YES|polymarket:2677842:BUY YES,cross-platform,0.014,0.016,0.002,0.0,0.0,2026-07-31T21:00:00Z,"BUY YES~Gold drops to $3,500 · XAUUSD · by Aug 1~polymarket;BUY YES~Gold settles ≥ $3,391 · XAUUSD · Jul 31~kalshi","BUY YES 'Will Gold (XAUUSD) hit (LOW) $3,500 in July?' @ 0.014 on polymarket + BUY YES 'Gold price on July 31, 2026 at 5:00 PM EDT? — above $3391.99' @ 0.970 on kalshi: costs $0.984 for a guaranteed $1 payout (YES on the first leg is forced whenever NO on the second loses)."
2026-07-17T05:25:49Z,kalshi:KXGOLDMON-26JUL3117-T4631.99:BUY NO|polymarket:2677831:BUY YES,cross-platform,0.0003,0.001,0.0007,100.0,0.03,2026-07-31T21:00:00Z,"BUY YES~Gold hits $4,600 · XAUUSD · by Aug 1~polymarket;BUY NO~Gold settles ≥ $4,631 · XAUUSD · Jul 31~kalshi","BUY YES 'Will Gold (XAUUSD) hit (HIGH) $4,600 in July?' @ 0.009 on polymarket + BUY NO 'Gold price on July 31, 2026 at 5:00 PM EDT? — above $4631.99' @ 0.990 on kalshi: costs $0.999 for a guaranteed $1 payout (YES on the first leg is forced whenever NO on the second loses)."
2026-07-17T05:25:49Z,kalshi:KXGOLDMON-26JUL3117-T4711.99:BUY NO|polymarket:2677831:BUY YES,cross-platform,0.0003,0.001,0.0007,100.0,0.03,2026-07-31T21:00:00Z,"BUY YES~Gold hits $4,600 · XAUUSD · by Aug 1~polymarket;BUY NO~Gold settles ≥ $4,711 · XAUUSD · Jul 31~kalshi","BUY YES 'Will Gold (XAUUSD) hit (HIGH) $4,600 in July?' @ 0.009 on polymarket + BUY NO 'Gold price on July 31, 2026 at 5:00 PM EDT? — above $4711.99' @ 0.990 on kalshi: costs $0.999 for a guaranteed $1 payout (YES on the first leg is forced whenever NO on the second loses)."
2026-07-17T05:25:49Z,kalshi:KXGOLDMON-26JUL3117-T4671.99:BUY NO|polymarket:2677831:BUY YES,cross-platform,0.0003,0.001,0.0007,100.0,0.03,2026-07-31T21:00:00Z,"BUY YES~Gold hits $4,600 · XAUUSD · by Aug 1~polymarket;BUY NO~Gold settles ≥ $4,671 · XAUUSD · Jul 31~kalshi","BUY YES 'Will Gold (XAUUSD) hit (HIGH) $4,600 in July?' @ 0.009 on polymarket + BUY NO 'Gold price on July 31, 2026 at 5:00 PM EDT? — above $4671.99' @ 0.990 on kalshi: costs $0.999 for a guaranteed $1 payout (YES on the first leg is forced whenever NO on the second loses)."
2026-07-17T11:17:24Z,kalshi:KXGOLDMON-26JUL3117-T3391.99:BUY YES|polymarket:2677843:BUY YES,cross-platform,0.0053,0.006,0.0007,15.0,0.08,2026-07-31T21:00:00Z,"BUY YES~Gold drops to $3,400 · XAUUSD · by Aug 1~polymarket;BUY YES~Gold settles ≥ $3,391 · XAUUSD · Jul 31~kalshi","BUY YES 'Will Gold (XAUUSD) hit (LOW) $3,400 in July?' @ 0.004 on polymarket + BUY YES 'Gold price on July 31, 2026 at 5:00 PM EDT? — above $3391.99' @ 0.990 on kalshi: costs $0.994 for a guaranteed $1 payout (YES on the first leg is forced whenever NO on the second loses)."
2026-07-17T18:32:37Z,kalshi:KXGOLDMON-26JUL3117-T3391.99:BUY YES|polymarket:2677843:BUY YES,cross-platform,0.0033,0.004,0.0007,6.41,0.02,2026-07-31T21:00:00Z,"BUY YES~Gold drops to $3,400 · XAUUSD · by Aug 1~polymarket;BUY YES~Gold settles ≥ $3,391 · XAUUSD · Jul 31~kalshi","BUY YES 'Will Gold (XAUUSD) hit (LOW) $3,400 in July?' @ 0.006 on polymarket + BUY YES 'Gold price on July 31, 2026 at 5:00 PM EDT? — above $3391.99' @ 0.990 on kalshi: costs $0.996 for a guaranteed $1 payout (YES on the first leg is forced whenever NO on the second loses)."
2026-07-17T21:13:13Z,kalshi:KXGOLDMON-26JUL3117-T4671.99:BUY NO|polymarket:2677831:BUY YES,cross-platform,0.0033,0.004,0.0007,100.0,0.33,2026-07-31T21:00:00Z,"BUY YES~Gold hits $4,600 · XAUUSD · by Aug 1~polymarket;BUY NO~Gold settles ≥ $4,671 · XAUUSD · Jul 31~kalshi","BUY YES 'Will Gold (XAUUSD) hit (HIGH) $4,600 in July?' @ 0.006 on polymarket + BUY NO 'Gold price on July 31, 2026 at 5:00 PM EDT? — above $4671.99' @ 0.990 on kalshi: costs $0.996 for a guaranteed $1 payout (YES on the first leg is forced whenever NO on the second loses)."
2026-07-17T21:13:13Z,kalshi:KXGOLDMON-26JUL3117-T4711.99:BUY NO|polymarket:2677831:BUY YES,cross-platform,0.0033,0.004,0.0007,100.0,0.33,2026-07-31T21:00:00Z,"BUY YES~Gold hits $4,600 · XAUUSD · by Aug 1~polymarket;BUY NO~Gold settles ≥ $4,711 · XAUUSD · Jul 31~kalshi","BUY YES 'Will Gold (XAUUSD) hit (HIGH) $4,600 in July?' @ 0.006 on polymarket + BUY NO 'Gold price on July 31, 2026 at 5:00 PM EDT? — above $4711.99' @ 0.990 on kalshi: costs $0.996 for a guaranteed $1 payout (YES on the first leg is forced whenever NO on the second loses)."
2026-07-17T21:13:13Z,kalshi:KXGOLDMON-26JUL3117-T4631.99:BUY NO|polymarket:2677831:BUY YES,cross-platform,0.0033,0.004,0.0007,100.0,0.33,2026-07-31T21:00:00Z,"BUY YES~Gold hits $4,600 · XAUUSD · by Aug 1~polymarket;BUY NO~Gold settles ≥ $4,631 · XAUUSD · Jul 31~kalshi","BUY YES 'Will Gold (XAUUSD) hit (HIGH) $4,600 in July?' @ 0.006 on polymarket + BUY NO 'Gold price on July 31, 2026 at 5:00 PM EDT? — above $4631.99' @ 0.990 on kalshi: costs $0.996 for a guaranteed $1 payout (YES on the first leg is forced whenever NO on the second loses)."
2026-07-17T21:13:13Z,kalshi:KXGOLDMON-26JUL3117-T3351.99:BUY YES|polymarket:2677843:BUY YES,cross-platform,0.0043,0.005,0.0007,12.12,0.05,2026-07-31T21:00:00Z,"BUY YES~Gold drops to $3,400 · XAUUSD · by Aug 1~polymarket;BUY YES~Gold settles ≥ $3,351 · XAUUSD · Jul 31~kalshi","BUY YES 'Will Gold (XAUUSD) hit (LOW) $3,400 in July?' @ 0.005 on polymarket + BUY YES 'Gold price on July 31, 2026 at 5:00 PM EDT? — above $3351.99' @ 0.990 on kalshi: costs $0.995 for a guaranteed $1 payout (YES on the first leg is forced whenever NO on the second loses)."
2026-07-17T21:13:13Z,kalshi:KXGOLDMON-26JUL3117-T3391.99:BUY YES|polymarket:2677843:BUY YES,cross-platform,0.0043,0.005,0.0007,12.12,0.05,2026-07-31T21:00:00Z,"BUY YES~Gold drops to $3,400 · XAUUSD · by Aug 1~polymarket;BUY YES~Gold settles ≥ $3,391 · XAUUSD · Jul 31~kalshi","BUY YES 'Will Gold (XAUUSD) hit (LOW) $3,400 in July?' @ 0.005 on polymarket + BUY YES 'Gold price on July 31, 2026 at 5:00 PM EDT? — above $3391.99' @ 0.990 on kalshi: costs $0.995 for a guaranteed $1 payout (YES on the first leg is forced whenever NO on the second loses)."
2026-07-17T21:13:13Z,kalshi:KXGOLDMON-26JUL3117-T4671.99:BUY NO|polymarket:2677832:BUY YES,cross-platform,0.0003,0.001,0.0007,100.0,0.03,2026-07-31T21:00:00Z,"BUY YES~Gold hits $4,500 · XAUUSD · by Aug 1~polymarket;BUY NO~Gold settles ≥ $4,671 · XAUUSD · Jul 31~kalshi","BUY YES 'Will Gold (XAUUSD) hit (HIGH) $4,500 in July?' @ 0.009 on polymarket + BUY NO 'Gold price on July 31, 2026 at 5:00 PM EDT? — above $4671.99' @ 0.990 on kalshi: costs $0.999 for a guaranteed $1 payout (YES on the first leg is forced whenever NO on the second loses)."
2026-07-17T21:13:13Z,kalshi:KXGOLDMON-26JUL3117-T4551.99:BUY NO|polymarket:2677832:BUY YES,cross-platform,0.0003,0.001,0.0007,100.0,0.03,2026-07-31T21:00:00Z,"BUY YES~Gold hits $4,500 · XAUUSD · by Aug 1~polymarket;BUY NO~Gold settles ≥ $4,551 · XAUUSD · Jul 31~kalshi","BUY YES 'Will Gold (XAUUSD) hit (HIGH) $4,500 in July?' @ 0.009 on polymarket + BUY NO 'Gold price on July 31, 2026 at 5:00 PM EDT? — above $4551.99' @ 0.990 on kalshi: costs $0.999 for a guaranteed $1 payout (YES on the first leg is forced whenever NO on the second loses)."
2026-07-17T21:13:13Z,kalshi:KXGOLDMON-26JUL3117-T4511.99:BUY NO|polymarket:2677832:BUY YES,cross-platform,0.0003,0.001,0.0007,100.0,0.03,2026-07-31T21:00:00Z,"BUY YES~Gold hits $4,500 · XAUUSD · by Aug 1~polymarket;BUY NO~Gold settles ≥ $4,511 · XAUUSD · Jul 31~kalshi","BUY YES 'Will Gold (XAUUSD) hit (HIGH) $4,500 in July?' @ 0.009 on polymarket + BUY NO 'Gold price on July 31, 2026 at 5:00 PM EDT? — above $4511.99' @ 0.990 on kalshi: costs $0.999 for a guaranteed $1 payout (YES on the first leg is forced whenever NO on the second loses)."
2026-07-17T21:13:13Z,kalshi:KXGOLDMON-26JUL3117-T4711.99:BUY NO|polymarket:2677832:BUY YES,cross-platform,0.0003,0.001,0.0007,100.0,0.03,2026-07-31T21:00:00Z,"BUY YES~Gold hits $4,500 · XAUUSD · by Aug 1~polymarket;BUY NO~Gold settles ≥ $4,711 · XAUUSD · Jul 31~kalshi","BUY YES 'Will Gold (XAUUSD) hit (HIGH) $4,500 in July?' @ 0.009 on polymarket + BUY NO 'Gold price on July 31, 2026 at 5:00 PM EDT? — above $4711.99' @ 0.990 on kalshi: costs $0.999 for a guaranteed $1 payout (YES on the first leg is forced whenever NO on the second loses)."
2026-07-17T21:13:13Z,kalshi:KXGOLDMON-26JUL3117-T4631.99:BUY NO|polymarket:2677832:BUY YES,cross-platform,0.0003,0.001,0.0007,100.0,0.03,2026-07-31T21:00:00Z,"BUY YES~Gold hits $4,500 · XAUUSD · by Aug 1~polymarket;BUY NO~Gold settles ≥ $4,631 · XAUUSD · Jul 31~kalshi","BUY YES 'Will Gold (XAUUSD) hit (HIGH) $4,500 in July?' @ 0.009 on polymarket + BUY NO 'Gold price on July 31, 2026 at 5:00 PM EDT? — above $4631.99' @ 0.990 on kalshi: costs $0.999 for a guaranteed $1 payout (YES on the first leg is forced whenever NO on the second loses)."
2026-07-17T21:13:13Z,kalshi:KXGOLDMON-26JUL3117-T4591.99:BUY NO|polymarket:2677832:BUY YES,cross-platform,0.0003,0.001,0.0007,100.0,0.03,2026-07-31T21:00:00Z,"BUY YES~Gold hits $4,500 · XAUUSD · by Aug 1~polymarket;BUY NO~Gold settles ≥ $4,591 · XAUUSD · Jul 31~kalshi","BUY YES 'Will Gold (XAUUSD) hit (HIGH) $4,500 in July?' @ 0.009 on polymarket + BUY NO 'Gold price on July 31, 2026 at 5:00 PM EDT? — above $4591.99' @ 0.990 on kalshi: costs $0.999 for a guaranteed $1 payout (YES on the first leg is forced whenever NO on the second loses)."
2026-07-17T23:14:20Z,polymarket:2677838:BUY YES|polymarket:2964803:BUY NO,cross-event,0.02,0.02,0.0,9.79,0.2,2026-07-24T21:00:00Z,"BUY YES~Gold drops to $3,900 · XAUUSD · by Aug 1~polymarket;BUY NO~Gold drops to $3,900 · XAUUSD · by Jul 24~polymarket","BUY YES 'Will Gold (XAUUSD) hit (LOW) $3,900 in July?' @ 0.350 on polymarket + BUY NO 'Will Gold (XAUUSD) hit (LOW) $3,900 Week of July 20 2026?' @ 0.630 on polymarket: costs $0.980 for a guaranteed $1 payout (YES on the first leg is forced whenever NO on the second loses)."
2026-07-17T23:14:20Z,kalshi:KXGOLDMON-26JUL3117-T4431.99:BUY NO|polymarket:2677833:BUY YES,cross-platform,0.0003,0.001,0.0007,11.35,0.0,2026-07-31T21:00:00Z,"BUY YES~Gold hits $4,400 · XAUUSD · by Aug 1~polymarket;BUY NO~Gold settles ≥ $4,431 · XAUUSD · Jul 31~kalshi","BUY YES 'Will Gold (XAUUSD) hit (HIGH) $4,400 in July?' @ 0.009 on polymarket + BUY NO 'Gold price on July 31, 2026 at 5:00 PM EDT? — above $4431.99' @ 0.990 on kalshi: costs $0.999 for a guaranteed $1 payout (YES on the first leg is forced whenever NO on the second loses)."
2026-07-18T11:48:22Z,kalshi:KXGOLDMON-26JUL3117-T3391.99:BUY YES|polymarket:2677843:BUY YES,cross-platform,0.0043,0.005,0.0007,0.0,0.0,2026-07-31T21:00:00Z,"BUY YES~Gold drops to $3,400 · XAUUSD · by Aug 1~polymarket;BUY YES~Gold settles ≥ $3,391 · XAUUSD · Jul 31~kalshi","BUY YES 'Will Gold (XAUUSD) hit (LOW) $3,400 in July?' @ 0.005 on polymarket + BUY YES 'Gold price on July 31, 2026 at 5:00 PM EDT? — above $3391.99' @ 0.990 on kalshi: costs $0.995 for a guaranteed $1 payout (YES on the first leg is forced whenever NO on the second loses)."
2026-07-18T11:48:22Z,kalshi:KXGOLDMON-26JUL3117-T4711.99:BUY NO|polymarket:2677831:BUY YES,cross-platform,0.0033,0.004,0.0007,0.0,0.0,2026-07-31T21:00:00Z,"BUY YES~Gold hits $4,600 · XAUUSD · by Aug 1~polymarket;BUY NO~Gold settles ≥ $4,711 · XAUUSD · Jul 31~kalshi","BUY YES 'Will Gold (XAUUSD) hit (HIGH) $4,600 in July?' @ 0.006 on polymarket + BUY NO 'Gold price on July 31, 2026 at 5:00 PM EDT? — above $4711.99' @ 0.990 on kalshi: costs $0.996 for a guaranteed $1 payout (YES on the first leg is forced whenever NO on the second loses)."
2026-07-18T11:48:22Z,kalshi:KXGOLDMON-26JUL3117-T4631.99:BUY NO|polymarket:2677831:BUY YES,cross-platform,0.0033,0.004,0.0007,0.0,0.0,2026-07-31T21:00:00Z,"BUY YES~Gold hits $4,600 · XAUUSD · by Aug 1~polymarket;BUY NO~Gold settles ≥ $4,631 · XAUUSD · Jul 31~kalshi","BUY YES 'Will Gold (XAUUSD) hit (HIGH) $4,600 in July?' @ 0.006 on polymarket + BUY NO 'Gold price on July 31, 2026 at 5:00 PM EDT? — above $4631.99' @ 0.990 on kalshi: costs $0.996 for a guaranteed $1 payout (YES on the first leg is forced whenever NO on the second loses)."
2026-07-18T11:48:22Z,kalshi:KXGOLDMON-26JUL3117-T4711.99:BUY NO|polymarket:2677832:BUY YES,cross-platform,0.0013,0.002,0.0007,0.0,0.0,2026-07-31T21:00:00Z,"BUY YES~Gold hits $4,500 · XAUUSD · by Aug 1~polymarket;BUY NO~Gold settles ≥ $4,711 · XAUUSD · Jul 31~kalshi","BUY YES 'Will Gold (XAUUSD) hit (HIGH) $4,500 in July?' @ 0.008 on polymarket + BUY NO 'Gold price on July 31, 2026 at 5:00 PM EDT? — above $4711.99' @ 0.990 on kalshi: costs $0.998 for a guaranteed $1 payout (YES on the first leg is forced whenever NO on the second loses)."
2026-07-18T11:48:22Z,kalshi:KXGOLDMON-26JUL3117-T4591.99:BUY NO|polymarket:2677832:BUY YES,cross-platform,0.0013,0.002,0.0007,0.0,0.0,2026-07-31T21:00:00Z,"BUY YES~Gold hits $4,500 · XAUUSD · by Aug 1~polymarket;BUY NO~Gold settles ≥ $4,591 · XAUUSD · Jul 31~kalshi","BUY YES 'Will Gold (XAUUSD) hit (HIGH) $4,500 in July?' @ 0.008 on polymarket + BUY NO 'Gold price on July 31, 2026 at 5:00 PM EDT? — above $4591.99' @ 0.990 on kalshi: costs $0.998 for a guaranteed $1 payout (YES on the first leg is forced whenever NO on the second loses)."
2026-07-18T11:48:22Z,kalshi:KXGOLDMON-26JUL3117-T4631.99:BUY NO|polymarket:2677832:BUY YES,cross-platform,0.0013,0.002,0.0007,0.0,0.0,2026-07-31T21:00:00Z,"BUY YES~Gold hits $4,500 · XAUUSD · by Aug 1~polymarket;BUY NO~Gold settles ≥ $4,631 · XAUUSD · Jul 31~kalshi","BUY YES 'Will Gold (XAUUSD) hit (HIGH) $4,500 in July?' @ 0.008 on polymarket + BUY NO 'Gold price on July 31, 2026 at 5:00 PM EDT? — above $4631.99' @ 0.990 on kalshi: costs $0.998 for a guaranteed $1 payout (YES on the first leg is forced whenever NO on the second loses)."
2026-07-19T02:02:06Z,polymarket:1294364:BUY NO|polymarket:1294365:BUY YES,ladder,0.001,0.001,0.0,10.1,0.01,2026-12-31T00:00:00Z,"BUY YES~Gold hits $10,000 · GC · by Dec 31~polymarket;BUY NO~Gold hits $12,000 · GC · by Dec 31~polymarket","BUY YES 'Will Gold (GC) hit (HIGH) $10,000 by end of December?' @ 0.029 on polymarket + BUY NO 'Will Gold (GC) hit (HIGH) $12,000 by end of December?' @ 0.970 on polymarket: costs $0.999 for a guaranteed $1 payout (YES on the first leg is forced whenever NO on the second loses)."
2026-07-19T11:34:54Z,kalshi:KXGOLDMON-26JUL3117-T3391.99:BUY YES|polymarket:2677843:BUY YES,cross-platform,0.0033,0.004,0.0007,100.0,0.33,2026-07-31T21:00:00Z,"BUY YES~Gold drops to $3,400 · XAUUSD · by Aug 1~polymarket;BUY YES~Gold settles ≥ $3,391 · XAUUSD · Jul 31~kalshi","BUY YES 'Will Gold (XAUUSD) hit (LOW) $3,400 in July?' @ 0.006 on polymarket + BUY YES 'Gold price on July 31, 2026 at 5:00 PM EDT? — above $3391.99' @ 0.990 on kalshi: costs $0.996 for a guaranteed $1 payout (YES on the first leg is forced whenever NO on the second loses)."
2026-07-19T11:34:54Z,kalshi:KXGOLDMON-26JUL3117-T3351.99:BUY YES|polymarket:2677843:BUY YES,cross-platform,0.0033,0.004,0.0007,100.0,0.33,2026-07-31T21:00:00Z,"BUY YES~Gold drops to $3,400 · XAUUSD · by Aug 1~polymarket;BUY YES~Gold settles ≥ $3,351 · XAUUSD · Jul 31~kalshi","BUY YES 'Will Gold (XAUUSD) hit (LOW) $3,400 in July?' @ 0.006 on polymarket + BUY YES 'Gold price on July 31, 2026 at 5:00 PM EDT? — above $3351.99' @ 0.990 on kalshi: costs $0.996 for a guaranteed $1 payout (YES on the first leg is forced whenever NO on the second loses)."
2026-07-19T11:34:54Z,kalshi:KXGOLDMON-26JUL3117-T4831.99:BUY NO|polymarket:2677831:BUY YES,cross-platform,0.0033,0.004,0.0007,100.0,0.33,2026-07-31T21:00:00Z,"BUY YES~Gold hits $4,600 · XAUUSD · by Aug 1~polymarket;BUY NO~Gold settles ≥ $4,831 · XAUUSD · Jul 31~kalshi","BUY YES 'Will Gold (XAUUSD) hit (HIGH) $4,600 in July?' @ 0.006 on polymarket + BUY NO 'Gold price on July 31, 2026 at 5:00 PM EDT? — above $4831.99' @ 0.990 on kalshi: costs $0.996 for a guaranteed $1 payout (YES on the first leg is forced whenever NO on the second loses)."
2026-07-19T11:34:54Z,kalshi:KXGOLDMON-26JUL3117-T4871.99:BUY NO|polymarket:2677831:BUY YES,cross-platform,0.0033,0.004,0.0007,100.0,0.33,2026-07-31T21:00:00Z,"BUY YES~Gold hits $4,600 · XAUUSD · by Aug 1~polymarket;BUY NO~Gold settles ≥ $4,871 · XAUUSD · Jul 31~kalshi","BUY YES 'Will Gold (XAUUSD) hit (HIGH) $4,600 in July?' @ 0.006 on polymarket + BUY NO 'Gold price on July 31, 2026 at 5:00 PM EDT? — above $4871.99' @ 0.990 on kalshi: costs $0.996 for a guaranteed $1 payout (YES on the first leg is forced whenever NO on the second loses)."
2026-07-19T11:34:54Z,kalshi:KXGOLDMON-26JUL3117-T4671.99:BUY NO|polymarket:2677831:BUY YES,cross-platform,0.0033,0.004,0.0007,100.0,0.33,2026-07-31T21:00:00Z,"BUY YES~Gold hits $4,600 · XAUUSD · by Aug 1~polymarket;BUY NO~Gold settles ≥ $4,671 · XAUUSD · Jul 31~kalshi","BUY YES 'Will Gold (XAUUSD) hit (HIGH) $4,600 in July?' @ 0.006 on polymarket + BUY NO 'Gold price on July 31, 2026 at 5:00 PM EDT? — above $4671.99' @ 0.990 on kalshi: costs $0.996 for a guaranteed $1 payout (YES on the first leg is forced whenever NO on the second loses)."
2026-07-19T11:34:54Z,kalshi:KXGOLDMON-26JUL3117-T4751.99:BUY NO|polymarket:2677831:BUY YES,cross-platform,0.0033,0.004,0.0007,100.0,0.33,2026-07-31T21:00:00Z,"BUY YES~Gold hits $4,600 · XAUUSD · by Aug 1~polymarket;BUY NO~Gold settles ≥ $4,751 · XAUUSD · Jul 31~kalshi","BUY YES 'Will Gold (XAUUSD) hit (HIGH) $4,600 in July?' @ 0.006 on polymarket + BUY NO 'Gold price on July 31, 2026 at 5:00 PM EDT? — above $4751.99' @ 0.990 on kalshi: costs $0.996 for a guaranteed $1 payout (YES on the first leg is forced whenever NO on the second loses)."
2026-07-19T11:34:54Z,kalshi:KXGOLDMON-26JUL3117-T4791.99:BUY NO|polymarket:2677831:BUY YES,cross-platform,0.0033,0.004,0.0007,100.0,0.33,2026-07-31T21:00:00Z,"BUY YES~Gold hits $4,600 · XAUUSD · by Aug 1~polymarket;BUY NO~Gold settles ≥ $4,791 · XAUUSD · Jul 31~kalshi","BUY YES 'Will Gold (XAUUSD) hit (HIGH) $4,600 in July?' @ 0.006 on polymarket + BUY NO 'Gold price on July 31, 2026 at 5:00 PM EDT? — above $4791.99' @ 0.990 on kalshi: costs $0.996 for a guaranteed $1 payout (YES on the first leg is forced whenever NO on the second loses)."
2026-07-19T11:34:54Z,kalshi:KXGOLDMON-26JUL3117-T4711.99:BUY NO|polymarket:2677831:BUY YES,cross-platform,0.0033,0.004,0.0007,100.0,0.33,2026-07-31T21:00:00Z,"BUY YES~Gold hits $4,600 · XAUUSD · by Aug 1~polymarket;BUY NO~Gold settles ≥ $4,711 · XAUUSD · Jul 31~kalshi","BUY YES 'Will Gold (XAUUSD) hit (HIGH) $4,600 in July?' @ 0.006 on polymarket + BUY NO 'Gold price on July 31, 2026 at 5:00 PM EDT? — above $4711.99' @ 0.990 on kalshi: costs $0.996 for a guaranteed $1 payout (YES on the first leg is forced whenever NO on the second loses)."
2026-07-19T11:34:54Z,kalshi:KXGOLDMON-26JUL3117-T4631.99:BUY NO|polymarket:2677831:BUY YES,cross-platform,0.0033,0.004,0.0007,100.0,0.33,2026-07-31T21:00:00Z,"BUY YES~Gold hits $4,600 · XAUUSD · by Aug 1~polymarket;BUY NO~Gold settles ≥ $4,631 · XAUUSD · Jul 31~kalshi","BUY YES 'Will Gold (XAUUSD) hit (HIGH) $4,600 in July?' @ 0.006 on polymarket + BUY NO 'Gold price on July 31, 2026 at 5:00 PM EDT? — above $4631.99' @ 0.990 on kalshi: costs $0.996 for a guaranteed $1 payout (YES on the first leg is forced whenever NO on the second loses)."
2026-07-19T11:34:54Z,kalshi:KXGOLDMON-26JUL3117-T4831.99:BUY NO|polymarket:2677832:BUY YES,cross-platform,0.0003,0.001,0.0007,100.0,0.03,2026-07-31T21:00:00Z,"BUY YES~Gold hits $4,500 · XAUUSD · by Aug 1~polymarket;BUY NO~Gold settles ≥ $4,831 · XAUUSD · Jul 31~kalshi","BUY YES 'Will Gold (XAUUSD) hit (HIGH) $4,500 in July?' @ 0.009 on polymarket + BUY NO 'Gold price on July 31, 2026 at 5:00 PM EDT? — above $4831.99' @ 0.990 on kalshi: costs $0.999 for a guaranteed $1 payout (YES on the first leg is forced whenever NO on the second loses)."
2026-07-19T11:34:54Z,kalshi:KXGOLDMON-26JUL3117-T4871.99:BUY NO|polymarket:2677832:BUY YES,cross-platform,0.0003,0.001,0.0007,100.0,0.03,2026-07-31T21:00:00Z,"BUY YES~Gold hits $4,500 · XAUUSD · by Aug 1~polymarket;BUY NO~Gold settles ≥ $4,871 · XAUUSD · Jul 31~kalshi","BUY YES 'Will Gold (XAUUSD) hit (HIGH) $4,500 in July?' @ 0.009 on polymarket + BUY NO 'Gold price on July 31, 2026 at 5:00 PM EDT? — above $4871.99' @ 0.990 on kalshi: costs $0.999 for a guaranteed $1 payout (YES on the first leg is forced whenever NO on the second loses)."
2026-07-19T11:34:54Z,kalshi:KXGOLDMON-26JUL3117-T4511.99:BUY NO|polymarket:2677832:BUY YES,cross-platform,0.0003,0.001,0.0007,100.0,0.03,2026-07-31T21:00:00Z,"BUY YES~Gold hits $4,500 · XAUUSD · by Aug 1~polymarket;BUY NO~Gold settles ≥ $4,511 · XAUUSD · Jul 31~kalshi","BUY YES 'Will Gold (XAUUSD) hit (HIGH) $4,500 in July?' @ 0.009 on polymarket + BUY NO 'Gold price on July 31, 2026 at 5:00 PM EDT? — above $4511.99' @ 0.990 on kalshi: costs $0.999 for a guaranteed $1 payout (YES on the first leg is forced whenever NO on the second loses)."
2026-07-19T11:34:54Z,kalshi:KXGOLDMON-26JUL3117-T4671.99:BUY NO|polymarket:2677832:BUY YES,cross-platform,0.0003,0.001,0.0007,100.0,0.03,2026-07-31T21:00:00Z,"BUY YES~Gold hits $4,500 · XAUUSD · by Aug 1~polymarket;BUY NO~Gold settles ≥ $4,671 · XAUUSD · Jul 31~kalshi","BUY YES 'Will Gold (XAUUSD) hit (HIGH) $4,500 in July?' @ 0.009 on polymarket + BUY NO 'Gold price on July 31, 2026 at 5:00 PM EDT? — above $4671.99' @ 0.990 on kalshi: costs $0.999 for a guaranteed $1 payout (YES on the first leg is forced whenever NO on the second loses)."
2026-07-19T11:34:54Z,kalshi:KXGOLDMON-26JUL3117-T4751.99:BUY NO|polymarket:2677832:BUY YES,cross-platform,0.0003,0.001,0.0007,100.0,0.03,2026-07-31T21:00:00Z,"BUY YES~Gold hits $4,500 · XAUUSD · by Aug 1~polymarket;BUY NO~Gold settles ≥ $4,751 · XAUUSD · Jul 31~kalshi","BUY YES 'Will Gold (XAUUSD) hit (HIGH) $4,500 in July?' @ 0.009 on polymarket + BUY NO 'Gold price on July 31, 2026 at 5:00 PM EDT? — above $4751.99' @ 0.990 on kalshi: costs $0.999 for a guaranteed $1 payout (YES on the first leg is forced whenever NO on the second loses)."
2026-07-19T11:34:54Z,kalshi:KXGOLDMON-26JUL3117-T4791.99:BUY NO|polymarket:2677832:BUY YES,cross-platform,0.0003,0.001,0.0007,100.0,0.03,2026-07-31T21:00:00Z,"BUY YES~Gold hits $4,500 · XAUUSD · by Aug 1~polymarket;BUY NO~Gold settles ≥ $4,791 · XAUUSD · Jul 31~kalshi","BUY YES 'Will Gold (XAUUSD) hit (HIGH) $4,500 in July?' @ 0.009 on polymarket + BUY NO 'Gold price on July 31, 2026 at 5:00 PM EDT? — above $4791.99' @ 0.990 on kalshi: costs $0.999 for a guaranteed $1 payout (YES on the first leg is forced whenever NO on the second loses)."
2026-07-19T11:34:54Z,kalshi:KXGOLDMON-26JUL3117-T4711.99:BUY NO|polymarket:2677832:BUY YES,cross-platform,0.0003,0.001,0.0007,100.0,0.03,2026-07-31T21:00:00Z,"BUY YES~Gold hits $4,500 · XAUUSD · by Aug 1~polymarket;BUY NO~Gold settles ≥ $4,711 · XAUUSD · Jul 31~kalshi","BUY YES 'Will Gold (XAUUSD) hit (HIGH) $4,500 in July?' @ 0.009 on polymarket + BUY NO 'Gold price on July 31, 2026 at 5:00 PM EDT? — above $4711.99' @ 0.990 on kalshi: costs $0.999 for a guaranteed $1 payout (YES on the first leg is forced whenever NO on the second loses)."
2026-07-19T11:34:54Z,kalshi:KXGOLDMON-26JUL3117-T4591.99:BUY NO|polymarket:2677832:BUY YES,cross-platform,0.0003,0.001,0.0007,100.0,0.03,2026-07-31T21:00:00Z,"BUY YES~Gold hits $4,500 · XAUUSD · by Aug 1~polymarket;BUY NO~Gold settles ≥ $4,591 · XAUUSD · Jul 31~kalshi","BUY YES 'Will Gold (XAUUSD) hit (HIGH) $4,500 in July?' @ 0.009 on polymarket + BUY NO 'Gold price on July 31, 2026 at 5:00 PM EDT? — above $4591.99' @ 0.990 on kalshi: costs $0.999 for a guaranteed $1 payout (YES on the first leg is forced whenever NO on the second loses)."
2026-07-19T11:34:54Z,kalshi:KXGOLDMON-26JUL3117-T4631.99:BUY NO|polymarket:2677832:BUY YES,cross-platform,0.0003,0.001,0.0007,100.0,0.03,2026-07-31T21:00:00Z,"BUY YES~Gold hits $4,500 · XAUUSD · by Aug 1~polymarket;BUY NO~Gold settles ≥ $4,631 · XAUUSD · Jul 31~kalshi","BUY YES 'Will Gold (XAUUSD) hit (HIGH) $4,500 in July?' @ 0.009 on polymarket + BUY NO 'Gold price on July 31, 2026 at 5:00 PM EDT? — above $4631.99' @ 0.990 on kalshi: costs $0.999 for a guaranteed $1 payout (YES on the first leg is forced whenever NO on the second loses)."
2026-07-19T11:34:54Z,kalshi:KXGOLDMON-26JUL3117-T4551.99:BUY NO|polymarket:2677832:BUY YES,cross-platform,0.0003,0.001,0.0007,100.0,0.03,2026-07-31T21:00:00Z,"BUY YES~Gold hits $4,500 · XAUUSD · by Aug 1~polymarket;BUY NO~Gold settles ≥ $4,551 · XAUUSD · Jul 31~kalshi","BUY YES 'Will Gold (XAUUSD) hit (HIGH) $4,500 in July?' @ 0.009 on polymarket + BUY NO 'Gold price on July 31, 2026 at 5:00 PM EDT? — above $4551.99' @ 0.990 on kalshi: costs $0.999 for a guaranteed $1 payout (YES on the first leg is forced whenever NO on the second loses)."
2026-07-19T17:52:33Z,kalshi:KXGOLDMON-26JUL3117-T3351.99:BUY YES|polymarket:2677843:BUY YES,cross-platform,0.0033,0.004,0.0007,100.0,0.33,2026-07-31T21:00:00Z,"BUY YES~Gold drops to $3,400 · XAUUSD · by Aug 1~polymarket;BUY YES~Gold settles ≥ $3,351 · XAUUSD · Jul 31~kalshi","BUY YES 'Will Gold (XAUUSD) hit (LOW) $3,400 in July?' @ 0.006 on polymarket + BUY YES 'Gold price on July 31, 2026 at 5:00 PM EDT? — above $3351.99' @ 0.990 on kalshi: costs $0.996 for a guaranteed $1 payout (YES on the first leg is forced whenever NO on the second loses)."
2026-07-19T17:52:33Z,kalshi:KXGOLDMON-26JUL3117-T3391.99:BUY YES|polymarket:2677843:BUY YES,cross-platform,0.0033,0.004,0.0007,100.0,0.33,2026-07-31T21:00:00Z,"BUY YES~Gold drops to $3,400 · XAUUSD · by Aug 1~polymarket;BUY YES~Gold settles ≥ $3,391 · XAUUSD · Jul 31~kalshi","BUY YES 'Will Gold (XAUUSD) hit (LOW) $3,400 in July?' @ 0.006 on polymarket + BUY YES 'Gold price on July 31, 2026 at 5:00 PM EDT? — above $3391.99' @ 0.990 on kalshi: costs $0.996 for a guaranteed $1 payout (YES on the first leg is forced whenever NO on the second loses)."
2026-07-19T17:52:33Z,kalshi:KXGOLDMON-26JUL3117-T4751.99:BUY NO|polymarket:2677831:BUY YES,cross-platform,0.0023,0.003,0.0007,100.0,0.23,2026-07-31T21:00:00Z,"BUY YES~Gold hits $4,600 · XAUUSD · by Aug 1~polymarket;BUY NO~Gold settles ≥ $4,751 · XAUUSD · Jul 31~kalshi","BUY YES 'Will Gold (XAUUSD) hit (HIGH) $4,600 in July?' @ 0.007 on polymarket + BUY NO 'Gold price on July 31, 2026 at 5:00 PM EDT? — above $4751.99' @ 0.990 on kalshi: costs $0.997 for a guaranteed $1 payout (YES on the first leg is forced whenever NO on the second loses)."
2026-07-19T17:52:33Z,kalshi:KXGOLDMON-26JUL3117-T4631.99:BUY NO|polymarket:2677831:BUY YES,cross-platform,0.0023,0.003,0.0007,100.0,0.23,2026-07-31T21:00:00Z,"BUY YES~Gold hits $4,600 · XAUUSD · by Aug 1~polymarket;BUY NO~Gold settles ≥ $4,631 · XAUUSD · Jul 31~kalshi","BUY YES 'Will Gold (XAUUSD) hit (HIGH) $4,600 in July?' @ 0.007 on polymarket + BUY NO 'Gold price on July 31, 2026 at 5:00 PM EDT? — above $4631.99' @ 0.990 on kalshi: costs $0.997 for a guaranteed $1 payout (YES on the first leg is forced whenever NO on the second loses)."
2026-07-19T17:52:33Z,kalshi:KXGOLDMON-26JUL3117-T4791.99:BUY NO|polymarket:2677831:BUY YES,cross-platform,0.0023,0.003,0.0007,100.0,0.23,2026-07-31T21:00:00Z,"BUY YES~Gold hits $4,600 · XAUUSD · by Aug 1~polymarket;BUY NO~Gold settles ≥ $4,791 · XAUUSD · Jul 31~kalshi","BUY YES 'Will Gold (XAUUSD) hit (HIGH) $4,600 in July?' @ 0.007 on polymarket + BUY NO 'Gold price on July 31, 2026 at 5:00 PM EDT? — above $4791.99' @ 0.990 on kalshi: costs $0.997 for a guaranteed $1 payout (YES on the first leg is forced whenever NO on the second loses)."
2026-07-19T17:52:33Z,kalshi:KXGOLDMON-26JUL3117-T4711.99:BUY NO|polymarket:2677831:BUY YES,cross-platform,0.0023,0.003,0.0007,100.0,0.23,2026-07-31T21:00:00Z,"BUY YES~Gold hits $4,600 · XAUUSD · by Aug 1~polymarket;BUY NO~Gold settles ≥ $4,711 · XAUUSD · Jul 31~kalshi","BUY YES 'Will Gold (XAUUSD) hit (HIGH) $4,600 in July?' @ 0.007 on polymarket + BUY NO 'Gold price on July 31, 2026 at 5:00 PM EDT? — above $4711.99' @ 0.990 on kalshi: costs $0.997 for a guaranteed $1 payout (YES on the first leg is forced whenever NO on the second loses)."
2026-07-19T17:52:33Z,kalshi:KXGOLDMON-26JUL3117-T4831.99:BUY NO|polymarket:2677831:BUY YES,cross-platform,0.0023,0.003,0.0007,100.0,0.23,2026-07-31T21:00:00Z,"BUY YES~Gold hits $4,600 · XAUUSD · by Aug 1~polymarket;BUY NO~Gold settles ≥ $4,831 · XAUUSD · Jul 31~kalshi","BUY YES 'Will Gold (XAUUSD) hit (HIGH) $4,600 in July?' @ 0.007 on polymarket + BUY NO 'Gold price on July 31, 2026 at 5:00 PM EDT? — above $4831.99' @ 0.990 on kalshi: costs $0.997 for a guaranteed $1 payout (YES on the first leg is forced whenever NO on the second loses)."
2026-07-19T17:52:33Z,kalshi:KXGOLDMON-26JUL3117-T4671.99:BUY NO|polymarket:2677831:BUY YES,cross-platform,0.0023,0.003,0.0007,100.0,0.23,2026-07-31T21:00:00Z,"BUY YES~Gold hits $4,600 · XAUUSD · by Aug 1~polymarket;BUY NO~Gold settles ≥ $4,671 · XAUUSD · Jul 31~kalshi","BUY YES 'Will Gold (XAUUSD) hit (HIGH) $4,600 in July?' @ 0.007 on polymarket + BUY NO 'Gold price on July 31, 2026 at 5:00 PM EDT? — above $4671.99' @ 0.990 on kalshi: costs $0.997 for a guaranteed $1 payout (YES on the first leg is forced whenever NO on the second loses)."
2026-07-19T17:52:33Z,kalshi:KXGOLDMON-26JUL3117-T4871.99:BUY NO|polymarket:2677831:BUY YES,cross-platform,0.0023,0.003,0.0007,100.0,0.23,2026-07-31T21:00:00Z,"BUY YES~Gold hits $4,600 · XAUUSD · by Aug 1~polymarket;BUY NO~Gold settles ≥ $4,871 · XAUUSD · Jul 31~kalshi","BUY YES 'Will Gold (XAUUSD) hit (HIGH) $4,600 in July?' @ 0.007 on polymarket + BUY NO 'Gold price on July 31, 2026 at 5:00 PM EDT? — above $4871.99' @ 0.990 on kalshi: costs $0.997 for a guaranteed $1 payout (YES on the first leg is forced whenever NO on the second loses)."
2026-07-19T17:52:33Z,kalshi:KXGOLDMON-26JUL3117-T4751.99:BUY NO|polymarket:2677832:BUY YES,cross-platform,0.0003,0.001,0.0007,100.0,0.03,2026-07-31T21:00:00Z,"BUY YES~Gold hits $4,500 · XAUUSD · by Aug 1~polymarket;BUY NO~Gold settles ≥ $4,751 · XAUUSD · Jul 31~kalshi","BUY YES 'Will Gold (XAUUSD) hit (HIGH) $4,500 in July?' @ 0.009 on polymarket + BUY NO 'Gold price on July 31, 2026 at 5:00 PM EDT? — above $4751.99' @ 0.990 on kalshi: costs $0.999 for a guaranteed $1 payout (YES on the first leg is forced whenever NO on the second loses)."
2026-07-19T17:52:33Z,kalshi:KXGOLDMON-26JUL3117-T4631.99:BUY NO|polymarket:2677832:BUY YES,cross-platform,0.0003,0.001,0.0007,100.0,0.03,2026-07-31T21:00:00Z,"BUY YES~Gold hits $4,500 · XAUUSD · by Aug 1~polymarket;BUY NO~Gold settles ≥ $4,631 · XAUUSD · Jul 31~kalshi","BUY YES 'Will Gold (XAUUSD) hit (HIGH) $4,500 in July?' @ 0.009 on polymarket + BUY NO 'Gold price on July 31, 2026 at 5:00 PM EDT? — above $4631.99' @ 0.990 on kalshi: costs $0.999 for a guaranteed $1 payout (YES on the first leg is forced whenever NO on the second loses)."
2026-07-19T17:52:33Z,kalshi:KXGOLDMON-26JUL3117-T4791.99:BUY NO|polymarket:2677832:BUY YES,cross-platform,0.0003,0.001,0.0007,100.0,0.03,2026-07-31T21:00:00Z,"BUY YES~Gold hits $4,500 · XAUUSD · by Aug 1~polymarket;BUY NO~Gold settles ≥ $4,791 · XAUUSD · Jul 31~kalshi","BUY YES 'Will Gold (XAUUSD) hit (HIGH) $4,500 in July?' @ 0.009 on polymarket + BUY NO 'Gold price on July 31, 2026 at 5:00 PM EDT? — above $4791.99' @ 0.990 on kalshi: costs $0.999 for a guaranteed $1 payout (YES on the first leg is forced whenever NO on the second loses)."
2026-07-19T17:52:33Z,kalshi:KXGOLDMON-26JUL3117-T4711.99:BUY NO|polymarket:2677832:BUY YES,cross-platform,0.0003,0.001,0.0007,100.0,0.03,2026-07-31T21:00:00Z,"BUY YES~Gold hits $4,500 · XAUUSD · by Aug 1~polymarket;BUY NO~Gold settles ≥ $4,711 · XAUUSD · Jul 31~kalshi","BUY YES 'Will Gold (XAUUSD) hit (HIGH) $4,500 in July?' @ 0.009 on polymarket + BUY NO 'Gold price on July 31, 2026 at 5:00 PM EDT? — above $4711.99' @ 0.990 on kalshi: costs $0.999 for a guaranteed $1 payout (YES on the first leg is forced whenever NO on the second loses)."
2026-07-19T17:52:33Z,kalshi:KXGOLDMON-26JUL3117-T4831.99:BUY NO|polymarket:2677832:BUY YES,cross-platform,0.0003,0.001,0.0007,100.0,0.03,2026-07-31T21:00:00Z,"BUY YES~Gold hits $4,500 · XAUUSD · by Aug 1~polymarket;BUY NO~Gold settles ≥ $4,831 · XAUUSD · Jul 31~kalshi","BUY YES 'Will Gold (XAUUSD) hit (HIGH) $4,500 in July?' @ 0.009 on polymarket + BUY NO 'Gold price on July 31, 2026 at 5:00 PM EDT? — above $4831.99' @ 0.990 on kalshi: costs $0.999 for a guaranteed $1 payout (YES on the first leg is forced whenever NO on the second loses)."
2026-07-19T17:52:33Z,kalshi:KXGOLDMON-26JUL3117-T4671.99:BUY NO|polymarket:2677832:BUY YES,cross-platform,0.0003,0.001,0.0007,100.0,0.03,2026-07-31T21:00:00Z,"BUY YES~Gold hits $4,500 · XAUUSD · by Aug 1~polymarket;BUY NO~Gold settles ≥ $4,671 · XAUUSD · Jul 31~kalshi","BUY YES 'Will Gold (XAUUSD) hit (HIGH) $4,500 in July?' @ 0.009 on polymarket + BUY NO 'Gold price on July 31, 2026 at 5:00 PM EDT? — above $4671.99' @ 0.990 on kalshi: costs $0.999 for a guaranteed $1 payout (YES on the first leg is forced whenever NO on the second loses)."
2026-07-19T17:52:33Z,kalshi:KXGOLDMON-26JUL3117-T4871.99:BUY NO|polymarket:2677832:BUY YES,cross-platform,0.0003,0.001,0.0007,100.0,0.03,2026-07-31T21:00:00Z,"BUY YES~Gold hits $4,500 · XAUUSD · by Aug 1~polymarket;BUY NO~Gold settles ≥ $4,871 · XAUUSD · Jul 31~kalshi","BUY YES 'Will Gold (XAUUSD) hit (HIGH) $4,500 in July?' @ 0.009 on polymarket + BUY NO 'Gold price on July 31, 2026 at 5:00 PM EDT? — above $4871.99' @ 0.990 on kalshi: costs $0.999 for a guaranteed $1 payout (YES on the first leg is forced whenever NO on the second loses)."
2026-07-19T17:52:33Z,kalshi:KXGOLDMON-26JUL3117-T4511.99:BUY NO|polymarket:2677832:BUY YES,cross-platform,0.0003,0.001,0.0007,0.0,0.0,2026-07-31T21:00:00Z,"BUY YES~Gold hits $4,500 · XAUUSD · by Aug 1~polymarket;BUY NO~Gold settles ≥ $4,511 · XAUUSD · Jul 31~kalshi","BUY YES 'Will Gold (XAUUSD) hit (HIGH) $4,500 in July?' @ 0.009 on polymarket + BUY NO 'Gold price on July 31, 2026 at 5:00 PM EDT? — above $4511.99' @ 0.990 on kalshi: costs $0.999 for a guaranteed $1 payout (YES on the first leg is forced whenever NO on the second loses)."
2026-07-19T17:52:33Z,kalshi:KXGOLDMON-26JUL3117-T4551.99:BUY NO|polymarket:2677832:BUY YES,cross-platform,0.0003,0.001,0.0007,0.0,0.0,2026-07-31T21:00:00Z,"BUY YES~Gold hits $4,500 · XAUUSD · by Aug 1~polymarket;BUY NO~Gold settles ≥ $4,551 · XAUUSD · Jul 31~kalshi","BUY YES 'Will Gold (XAUUSD) hit (HIGH) $4,500 in July?' @ 0.009 on polymarket + BUY NO 'Gold price on July 31, 2026 at 5:00 PM EDT? — above $4551.99' @ 0.990 on kalshi: costs $0.999 for a guaranteed $1 payout (YES on the first leg is forced whenever NO on the second loses)."
2026-07-19T17:52:33Z,kalshi:KXGOLDMON-26JUL3117-T4591.99:BUY NO|polymarket:2677832:BUY YES,cross-platform,0.0003,0.001,0.0007,0.0,0.0,2026-07-31T21:00:00Z,"BUY YES~Gold hits $4,500 · XAUUSD · by Aug 1~polymarket;BUY NO~Gold settles ≥ $4,591 · XAUUSD · Jul 31~kalshi","BUY YES 'Will Gold (XAUUSD) hit (HIGH) $4,500 in July?' @ 0.009 on polymarket + BUY NO 'Gold price on July 31, 2026 at 5:00 PM EDT? — above $4591.99' @ 0.990 on kalshi: costs $0.999 for a guaranteed $1 payout (YES on the first leg is forced whenever NO on the second loses)."
2026-07-19T20:04:52Z,kalshi:KXGOLDMON-26JUL3117-T3391.99:BUY YES|polymarket:2677843:BUY YES,cross-platform,0.0033,0.004,0.0007,0.0,0.0,2026-07-31T21:00:00Z,"BUY YES~Gold drops to $3,400 · XAUUSD · by Aug 1~polymarket;BUY YES~Gold settles ≥ $3,391 · XAUUSD · Jul 31~kalshi","BUY YES 'Will Gold (XAUUSD) hit (LOW) $3,400 in July?' @ 0.006 on polymarket + BUY YES 'Gold price on July 31, 2026 at 5:00 PM EDT? — above $3391.99' @ 0.990 on kalshi: costs $0.996 for a guaranteed $1 payout (YES on the first leg is forced whenever NO on the second loses)."
2026-07-19T20:04:52Z,kalshi:KXGOLDMON-26JUL3117-T3351.99:BUY YES|polymarket:2677843:BUY YES,cross-platform,0.0033,0.004,0.0007,0.0,0.0,2026-07-31T21:00:00Z,"BUY YES~Gold drops to $3,400 · XAUUSD · by Aug 1~polymarket;BUY YES~Gold settles ≥ $3,351 · XAUUSD · Jul 31~kalshi","BUY YES 'Will Gold (XAUUSD) hit (LOW) $3,400 in July?' @ 0.006 on polymarket + BUY YES 'Gold price on July 31, 2026 at 5:00 PM EDT? — above $3351.99' @ 0.990 on kalshi: costs $0.996 for a guaranteed $1 payout (YES on the first leg is forced whenever NO on the second loses)."
2026-07-19T20:04:52Z,kalshi:KXGOLDMON-26JUL3117-T4631.99:BUY NO|polymarket:2677831:BUY YES,cross-platform,0.0023,0.003,0.0007,0.0,0.0,2026-07-31T21:00:00Z,"BUY YES~Gold hits $4,600 · XAUUSD · by Aug 1~polymarket;BUY NO~Gold settles ≥ $4,631 · XAUUSD · Jul 31~kalshi","BUY YES 'Will Gold (XAUUSD) hit (HIGH) $4,600 in July?' @ 0.007 on polymarket + BUY NO 'Gold price on July 31, 2026 at 5:00 PM EDT? — above $4631.99' @ 0.990 on kalshi: costs $0.997 for a guaranteed $1 payout (YES on the first leg is forced whenever NO on the second loses)."
2026-07-19T20:04:52Z,kalshi:KXGOLDMON-26JUL3117-T4831.99:BUY NO|polymarket:2677831:BUY YES,cross-platform,0.0023,0.003,0.0007,0.0,0.0,2026-07-31T21:00:00Z,"BUY YES~Gold hits $4,600 · XAUUSD · by Aug 1~polymarket;BUY NO~Gold settles ≥ $4,831 · XAUUSD · Jul 31~kalshi","BUY YES 'Will Gold (XAUUSD) hit (HIGH) $4,600 in July?' @ 0.007 on polymarket + BUY NO 'Gold price on July 31, 2026 at 5:00 PM EDT? — above $4831.99' @ 0.990 on kalshi: costs $0.997 for a guaranteed $1 payout (YES on the first leg is forced whenever NO on the second loses)."
2026-07-19T20:04:52Z,kalshi:KXGOLDMON-26JUL3117-T4791.99:BUY NO|polymarket:2677831:BUY YES,cross-platform,0.0023,0.003,0.0007,0.0,0.0,2026-07-31T21:00:00Z,"BUY YES~Gold hits $4,600 · XAUUSD · by Aug 1~polymarket;BUY NO~Gold settles ≥ $4,791 · XAUUSD · Jul 31~kalshi","BUY YES 'Will Gold (XAUUSD) hit (HIGH) $4,600 in July?' @ 0.007 on polymarket + BUY NO 'Gold price on July 31, 2026 at 5:00 PM EDT? — above $4791.99' @ 0.990 on kalshi: costs $0.997 for a guaranteed $1 payout (YES on the first leg is forced whenever NO on the second loses)."
2026-07-19T20:04:52Z,kalshi:KXGOLDMON-26JUL3117-T4671.99:BUY NO|polymarket:2677831:BUY YES,cross-platform,0.0023,0.003,0.0007,0.0,0.0,2026-07-31T21:00:00Z,"BUY YES~Gold hits $4,600 · XAUUSD · by Aug 1~polymarket;BUY NO~Gold settles ≥ $4,671 · XAUUSD · Jul 31~kalshi","BUY YES 'Will Gold (XAUUSD) hit (HIGH) $4,600 in July?' @ 0.007 on polymarket + BUY NO 'Gold price on July 31, 2026 at 5:00 PM EDT? — above $4671.99' @ 0.990 on kalshi: costs $0.997 for a guaranteed $1 payout (YES on the first leg is forced whenever NO on the second loses)."
2026-07-19T20:04:52Z,kalshi:KXGOLDMON-26JUL3117-T4871.99:BUY NO|polymarket:2677831:BUY YES,cross-platform,0.0023,0.003,0.0007,0.0,0.0,2026-07-31T21:00:00Z,"BUY YES~Gold hits $4,600 · XAUUSD · by Aug 1~polymarket;BUY NO~Gold settles ≥ $4,871 · XAUUSD · Jul 31~kalshi","BUY YES 'Will Gold (XAUUSD) hit (HIGH) $4,600 in July?' @ 0.007 on polymarket + BUY NO 'Gold price on July 31, 2026 at 5:00 PM EDT? — above $4871.99' @ 0.990 on kalshi: costs $0.997 for a guaranteed $1 payout (YES on the first leg is forced whenever NO on the second loses)."
2026-07-19T20:04:52Z,kalshi:KXGOLDMON-26JUL3117-T4751.99:BUY NO|polymarket:2677831:BUY YES,cross-platform,0.0023,0.003,0.0007,0.0,0.0,2026-07-31T21:00:00Z,"BUY YES~Gold hits $4,600 · XAUUSD · by Aug 1~polymarket;BUY NO~Gold settles ≥ $4,751 · XAUUSD · Jul 31~kalshi","BUY YES 'Will Gold (XAUUSD) hit (HIGH) $4,600 in July?' @ 0.007 on polymarket + BUY NO 'Gold price on July 31, 2026 at 5:00 PM EDT? — above $4751.99' @ 0.990 on kalshi: costs $0.997 for a guaranteed $1 payout (YES on the first leg is forced whenever NO on the second loses)."
2026-07-19T20:04:52Z,kalshi:KXGOLDMON-26JUL3117-T4711.99:BUY NO|polymarket:2677831:BUY YES,cross-platform,0.0023,0.003,0.0007,0.0,0.0,2026-07-31T21:00:00Z,"BUY YES~Gold hits $4,600 · XAUUSD · by Aug 1~polymarket;BUY NO~Gold settles ≥ $4,711 · XAUUSD · Jul 31~kalshi","BUY YES 'Will Gold (XAUUSD) hit (HIGH) $4,600 in July?' @ 0.007 on polymarket + BUY NO 'Gold price on July 31, 2026 at 5:00 PM EDT? — above $4711.99' @ 0.990 on kalshi: costs $0.997 for a guaranteed $1 payout (YES on the first leg is forced whenever NO on the second loses)."
2026-07-19T20:04:52Z,kalshi:KXGOLDMON-26JUL3117-T4631.99:BUY NO|polymarket:2677832:BUY YES,cross-platform,0.0003,0.001,0.0007,0.0,0.0,2026-07-31T21:00:00Z,"BUY YES~Gold hits $4,500 · XAUUSD · by Aug 1~polymarket;BUY NO~Gold settles ≥ $4,631 · XAUUSD · Jul 31~kalshi","BUY YES 'Will Gold (XAUUSD) hit (HIGH) $4,500 in July?' @ 0.009 on polymarket + BUY NO 'Gold price on July 31, 2026 at 5:00 PM EDT? — above $4631.99' @ 0.990 on kalshi: costs $0.999 for a guaranteed $1 payout (YES on the first leg is forced whenever NO on the second loses)."
2026-07-19T20:04:52Z,kalshi:KXGOLDMON-26JUL3117-T4831.99:BUY NO|polymarket:2677832:BUY YES,cross-platform,0.0003,0.001,0.0007,0.0,0.0,2026-07-31T21:00:00Z,"BUY YES~Gold hits $4,500 · XAUUSD · by Aug 1~polymarket;BUY NO~Gold settles ≥ $4,831 · XAUUSD · Jul 31~kalshi","BUY YES 'Will Gold (XAUUSD) hit (HIGH) $4,500 in July?' @ 0.009 on polymarket + BUY NO 'Gold price on July 31, 2026 at 5:00 PM EDT? — above $4831.99' @ 0.990 on kalshi: costs $0.999 for a guaranteed $1 payout (YES on the first leg is forced whenever NO on the second loses)."
2026-07-19T20:04:52Z,kalshi:KXGOLDMON-26JUL3117-T4791.99:BUY NO|polymarket:2677832:BUY YES,cross-platform,0.0003,0.001,0.0007,0.0,0.0,2026-07-31T21:00:00Z,"BUY YES~Gold hits $4,500 · XAUUSD · by Aug 1~polymarket;BUY NO~Gold settles ≥ $4,791 · XAUUSD · Jul 31~kalshi","BUY YES 'Will Gold (XAUUSD) hit (HIGH) $4,500 in July?' @ 0.009 on polymarket + BUY NO 'Gold price on July 31, 2026 at 5:00 PM EDT? — above $4791.99' @ 0.990 on kalshi: costs $0.999 for a guaranteed $1 payout (YES on the first leg is forced whenever NO on the second loses)."
2026-07-19T20:04:52Z,kalshi:KXGOLDMON-26JUL3117-T4591.99:BUY NO|polymarket:2677832:BUY YES,cross-platform,0.0003,0.001,0.0007,0.0,0.0,2026-07-31T21:00:00Z,"BUY YES~Gold hits $4,500 · XAUUSD · by Aug 1~polymarket;BUY NO~Gold settles ≥ $4,591 · XAUUSD · Jul 31~kalshi","BUY YES 'Will Gold (XAUUSD) hit (HIGH) $4,500 in July?' @ 0.009 on polymarket + BUY NO 'Gold price on July 31, 2026 at 5:00 PM EDT? — above $4591.99' @ 0.990 on kalshi: costs $0.999 for a guaranteed $1 payout (YES on the first leg is forced whenever NO on the second loses)."
2026-07-19T20:04:52Z,kalshi:KXGOLDMON-26JUL3117-T4671.99:BUY NO|polymarket:2677832:BUY YES,cross-platform,0.0003,0.001,0.0007,0.0,0.0,2026-07-31T21:00:00Z,"BUY YES~Gold hits $4,500 · XAUUSD · by Aug 1~polymarket;BUY NO~Gold settles ≥ $4,671 · XAUUSD · Jul 31~kalshi","BUY YES 'Will Gold (XAUUSD) hit (HIGH) $4,500 in July?' @ 0.009 on polymarket + BUY NO 'Gold price on July 31, 2026 at 5:00 PM EDT? — above $4671.99' @ 0.990 on kalshi: costs $0.999 for a guaranteed $1 payout (YES on the first leg is forced whenever NO on the second loses)."
2026-07-19T20:04:52Z,kalshi:KXGOLDMON-26JUL3117-T4551.99:BUY NO|polymarket:2677832:BUY YES,cross-platform,0.0003,0.001,0.0007,0.0,0.0,2026-07-31T21:00:00Z,"BUY YES~Gold hits $4,500 · XAUUSD · by Aug 1~polymarket;BUY NO~Gold settles ≥ $4,551 · XAUUSD · Jul 31~kalshi","BUY YES 'Will Gold (XAUUSD) hit (HIGH) $4,500 in July?' @ 0.009 on polymarket + BUY NO 'Gold price on July 31, 2026 at 5:00 PM EDT? — above $4551.99' @ 0.990 on kalshi: costs $0.999 for a guaranteed $1 payout (YES on the first leg is forced whenever NO on the second loses)."
2026-07-19T20:04:52Z,kalshi:KXGOLDMON-26JUL3117-T4871.99:BUY NO|polymarket:2677832:BUY YES,cross-platform,0.0003,0.001,0.0007,0.0,0.0,2026-07-31T21:00:00Z,"BUY YES~Gold hits $4,500 · XAUUSD · by Aug 1~polymarket;BUY NO~Gold settles ≥ $4,871 · XAUUSD · Jul 31~kalshi","BUY YES 'Will Gold (XAUUSD) hit (HIGH) $4,500 in July?' @ 0.009 on polymarket + BUY NO 'Gold price on July 31, 2026 at 5:00 PM EDT? — above $4871.99' @ 0.990 on kalshi: costs $0.999 for a guaranteed $1 payout (YES on the first leg is forced whenever NO on the second loses)."
2026-07-19T20:04:52Z,kalshi:KXGOLDMON-26JUL3117-T4511.99:BUY NO|polymarket:2677832:BUY YES,cross-platform,0.0003,0.001,0.0007,0.0,0.0,2026-07-31T21:00:00Z,"BUY YES~Gold hits $4,500 · XAUUSD · by Aug 1~polymarket;BUY NO~Gold settles ≥ $4,511 · XAUUSD · Jul 31~kalshi","BUY YES 'Will Gold (XAUUSD) hit (HIGH) $4,500 in July?' @ 0.009 on polymarket + BUY NO 'Gold price on July 31, 2026 at 5:00 PM EDT? — above $4511.99' @ 0.990 on kalshi: costs $0.999 for a guaranteed $1 payout (YES on the first leg is forced whenever NO on the second loses)."
2026-07-19T20:04:52Z,kalshi:KXGOLDMON-26JUL3117-T4751.99:BUY NO|polymarket:2677832:BUY YES,cross-platform,0.0003,0.001,0.0007,0.0,0.0,2026-07-31T21:00:00Z,"BUY YES~Gold hits $4,500 · XAUUSD · by Aug 1~polymarket;BUY NO~Gold settles ≥ $4,751 · XAUUSD · Jul 31~kalshi","BUY YES 'Will Gold (XAUUSD) hit (HIGH) $4,500 in July?' @ 0.009 on polymarket + BUY NO 'Gold price on July 31, 2026 at 5:00 PM EDT? — above $4751.99' @ 0.990 on kalshi: costs $0.999 for a guaranteed $1 payout (YES on the first leg is forced whenever NO on the second loses)."
2026-07-19T20:04:52Z,kalshi:KXGOLDMON-26JUL3117-T4711.99:BUY NO|polymarket:2677832:BUY YES,cross-platform,0.0003,0.001,0.0007,0.0,0.0,2026-07-31T21:00:00Z,"BUY YES~Gold hits $4,500 · XAUUSD · by Aug 1~polymarket;BUY NO~Gold settles ≥ $4,711 · XAUUSD · Jul 31~kalshi","BUY YES 'Will Gold (XAUUSD) hit (HIGH) $4,500 in July?' @ 0.009 on polymarket + BUY NO 'Gold price on July 31, 2026 at 5:00 PM EDT? — above $4711.99' @ 0.990 on kalshi: costs $0.999 for a guaranteed $1 payout (YES on the first leg is forced whenever NO on the second loses)."
2026-07-19T22:22:44Z,kalshi:KXGOLDMON-26JUL3117-T3791.99:BUY YES|polymarket:2677839:BUY YES,cross-platform,0.0016,0.01,0.0084,100.0,0.16,2026-07-31T21:00:00Z,"BUY YES~Gold drops to $3,800 · XAUUSD · by Aug 1~polymarket;BUY YES~Gold settles ≥ $3,791 · XAUUSD · Jul 31~kalshi","BUY YES 'Will Gold (XAUUSD) hit (LOW) $3,800 in July?' @ 0.130 on polymarket + BUY YES 'Gold price on July 31, 2026 at 5:00 PM EDT? — above $3791.99' @ 0.860 on kalshi: costs $0.990 for a guaranteed $1 payout (YES on the first leg is forced whenever NO on the second loses)."
2026-07-20T01:02:29Z,kalshi:KXGOLDMON-26JUL3117-T3391.99:BUY YES|polymarket:2677843:BUY YES,cross-platform,0.0033,0.004,0.0007,100.0,0.33,2026-07-31T21:00:00Z,"BUY YES~Gold drops to $3,400 · XAUUSD · by Aug 1~polymarket;BUY YES~Gold settles ≥ $3,391 · XAUUSD · Jul 31~kalshi","BUY YES 'Will Gold (XAUUSD) hit (LOW) $3,400 in July?' @ 0.006 on polymarket + BUY YES 'Gold price on July 31, 2026 at 5:00 PM EDT? — above $3391.99' @ 0.990 on kalshi: costs $0.996 for a guaranteed $1 payout (YES on the first leg is forced whenever NO on the second loses)."
2026-07-20T01:02:29Z,kalshi:KXGOLDMON-26JUL3117-T3351.99:BUY YES|polymarket:2677843:BUY YES,cross-platform,0.0033,0.004,0.0007,100.0,0.33,2026-07-31T21:00:00Z,"BUY YES~Gold drops to $3,400 · XAUUSD · by Aug 1~polymarket;BUY YES~Gold settles ≥ $3,351 · XAUUSD · Jul 31~kalshi","BUY YES 'Will Gold (XAUUSD) hit (LOW) $3,400 in July?' @ 0.006 on polymarket + BUY YES 'Gold price on July 31, 2026 at 5:00 PM EDT? — above $3351.99' @ 0.990 on kalshi: costs $0.996 for a guaranteed $1 payout (YES on the first leg is forced whenever NO on the second loses)."
2026-07-20T01:02:29Z,kalshi:KXGOLDMON-26JUL3117-T4791.99:BUY NO|polymarket:2677831:BUY YES,cross-platform,0.0013,0.002,0.0007,100.0,0.13,2026-07-31T21:00:00Z,"BUY YES~Gold hits $4,600 · XAUUSD · by Aug 1~polymarket;BUY NO~Gold settles ≥ $4,791 · XAUUSD · Jul 31~kalshi","BUY YES 'Will Gold (XAUUSD) hit (HIGH) $4,600 in July?' @ 0.008 on polymarket + BUY NO 'Gold price on July 31, 2026 at 5:00 PM EDT? — above $4791.99' @ 0.990 on kalshi: costs $0.998 for a guaranteed $1 payout (YES on the first leg is forced whenever NO on the second loses)."
2026-07-20T01:02:29Z,kalshi:KXGOLDMON-26JUL3117-T4831.99:BUY NO|polymarket:2677831:BUY YES,cross-platform,0.0013,0.002,0.0007,100.0,0.13,2026-07-31T21:00:00Z,"BUY YES~Gold hits $4,600 · XAUUSD · by Aug 1~polymarket;BUY NO~Gold settles ≥ $4,831 · XAUUSD · Jul 31~kalshi","BUY YES 'Will Gold (XAUUSD) hit (HIGH) $4,600 in July?' @ 0.008 on polymarket + BUY NO 'Gold price on July 31, 2026 at 5:00 PM EDT? — above $4831.99' @ 0.990 on kalshi: costs $0.998 for a guaranteed $1 payout (YES on the first leg is forced whenever NO on the second loses)."
2026-07-20T01:02:29Z,kalshi:KXGOLDMON-26JUL3117-T4711.99:BUY NO|polymarket:2677831:BUY YES,cross-platform,0.0013,0.002,0.0007,100.0,0.13,2026-07-31T21:00:00Z,"BUY YES~Gold hits $4,600 · XAUUSD · by Aug 1~polymarket;BUY NO~Gold settles ≥ $4,711 · XAUUSD · Jul 31~kalshi","BUY YES 'Will Gold (XAUUSD) hit (HIGH) $4,600 in July?' @ 0.008 on polymarket + BUY NO 'Gold price on July 31, 2026 at 5:00 PM EDT? — above $4711.99' @ 0.990 on kalshi: costs $0.998 for a guaranteed $1 payout (YES on the first leg is forced whenever NO on the second loses)."
2026-07-20T01:02:29Z,kalshi:KXGOLDMON-26JUL3117-T4751.99:BUY NO|polymarket:2677831:BUY YES,cross-platform,0.0013,0.002,0.0007,100.0,0.13,2026-07-31T21:00:00Z,"BUY YES~Gold hits $4,600 · XAUUSD · by Aug 1~polymarket;BUY NO~Gold settles ≥ $4,751 · XAUUSD · Jul 31~kalshi","BUY YES 'Will Gold (XAUUSD) hit (HIGH) $4,600 in July?' @ 0.008 on polymarket + BUY NO 'Gold price on July 31, 2026 at 5:00 PM EDT? — above $4751.99' @ 0.990 on kalshi: costs $0.998 for a guaranteed $1 payout (YES on the first leg is forced whenever NO on the second loses)."
2026-07-20T01:02:29Z,kalshi:KXGOLDMON-26JUL3117-T4671.99:BUY NO|polymarket:2677831:BUY YES,cross-platform,0.0013,0.002,0.0007,100.0,0.13,2026-07-31T21:00:00Z,"BUY YES~Gold hits $4,600 · XAUUSD · by Aug 1~polymarket;BUY NO~Gold settles ≥ $4,671 · XAUUSD · Jul 31~kalshi","BUY YES 'Will Gold (XAUUSD) hit (HIGH) $4,600 in July?' @ 0.008 on polymarket + BUY NO 'Gold price on July 31, 2026 at 5:00 PM EDT? — above $4671.99' @ 0.990 on kalshi: costs $0.998 for a guaranteed $1 payout (YES on the first leg is forced whenever NO on the second loses)."
2026-07-20T01:02:29Z,kalshi:KXGOLDMON-26JUL3117-T4631.99:BUY NO|polymarket:2677831:BUY YES,cross-platform,0.0013,0.002,0.0007,100.0,0.13,2026-07-31T21:00:00Z,"BUY YES~Gold hits $4,600 · XAUUSD · by Aug 1~polymarket;BUY NO~Gold settles ≥ $4,631 · XAUUSD · Jul 31~kalshi","BUY YES 'Will Gold (XAUUSD) hit (HIGH) $4,600 in July?' @ 0.008 on polymarket + BUY NO 'Gold price on July 31, 2026 at 5:00 PM EDT? — above $4631.99' @ 0.990 on kalshi: costs $0.998 for a guaranteed $1 payout (YES on the first leg is forced whenever NO on the second loses)."
2026-07-20T01:02:29Z,kalshi:KXGOLDMON-26JUL3117-T4871.99:BUY NO|polymarket:2677831:BUY YES,cross-platform,0.0013,0.002,0.0007,100.0,0.13,2026-07-31T21:00:00Z,"BUY YES~Gold hits $4,600 · XAUUSD · by Aug 1~polymarket;BUY NO~Gold settles ≥ $4,871 · XAUUSD · Jul 31~kalshi","BUY YES 'Will Gold (XAUUSD) hit (HIGH) $4,600 in July?' @ 0.008 on polymarket + BUY NO 'Gold price on July 31, 2026 at 5:00 PM EDT? — above $4871.99' @ 0.990 on kalshi: costs $0.998 for a guaranteed $1 payout (YES on the first leg is forced whenever NO on the second loses)."
2026-07-20T01:02:29Z,kalshi:KXGOLDMON-26JUL3117-T4791.99:BUY NO|polymarket:2677832:BUY YES,cross-platform,0.0003,0.001,0.0007,100.0,0.03,2026-07-31T21:00:00Z,"BUY YES~Gold hits $4,500 · XAUUSD · by Aug 1~polymarket;BUY NO~Gold settles ≥ $4,791 · XAUUSD · Jul 31~kalshi","BUY YES 'Will Gold (XAUUSD) hit (HIGH) $4,500 in July?' @ 0.009 on polymarket + BUY NO 'Gold price on July 31, 2026 at 5:00 PM EDT? — above $4791.99' @ 0.990 on kalshi: costs $0.999 for a guaranteed $1 payout (YES on the first leg is forced whenever NO on the second loses)."
2026-07-20T01:02:29Z,kalshi:KXGOLDMON-26JUL3117-T4831.99:BUY NO|polymarket:2677832:BUY YES,cross-platform,0.0003,0.001,0.0007,100.0,0.03,2026-07-31T21:00:00Z,"BUY YES~Gold hits $4,500 · XAUUSD · by Aug 1~polymarket;BUY NO~Gold settles ≥ $4,831 · XAUUSD · Jul 31~kalshi","BUY YES 'Will Gold (XAUUSD) hit (HIGH) $4,500 in July?' @ 0.009 on polymarket + BUY NO 'Gold price on July 31, 2026 at 5:00 PM EDT? — above $4831.99' @ 0.990 on kalshi: costs $0.999 for a guaranteed $1 payout (YES on the first leg is forced whenever NO on the second loses)."
2026-07-20T01:02:29Z,kalshi:KXGOLDMON-26JUL3117-T4711.99:BUY NO|polymarket:2677832:BUY YES,cross-platform,0.0003,0.001,0.0007,100.0,0.03,2026-07-31T21:00:00Z,"BUY YES~Gold hits $4,500 · XAUUSD · by Aug 1~polymarket;BUY NO~Gold settles ≥ $4,711 · XAUUSD · Jul 31~kalshi","BUY YES 'Will Gold (XAUUSD) hit (HIGH) $4,500 in July?' @ 0.009 on polymarket + BUY NO 'Gold price on July 31, 2026 at 5:00 PM EDT? — above $4711.99' @ 0.990 on kalshi: costs $0.999 for a guaranteed $1 payout (YES on the first leg is forced whenever NO on the second loses)."
2026-07-20T01:02:29Z,kalshi:KXGOLDMON-26JUL3117-T4751.99:BUY NO|polymarket:2677832:BUY YES,cross-platform,0.0003,0.001,0.0007,100.0,0.03,2026-07-31T21:00:00Z,"BUY YES~Gold hits $4,500 · XAUUSD · by Aug 1~polymarket;BUY NO~Gold settles ≥ $4,751 · XAUUSD · Jul 31~kalshi","BUY YES 'Will Gold (XAUUSD) hit (HIGH) $4,500 in July?' @ 0.009 on polymarket + BUY NO 'Gold price on July 31, 2026 at 5:00 PM EDT? — above $4751.99' @ 0.990 on kalshi: costs $0.999 for a guaranteed $1 payout (YES on the first leg is forced whenever NO on the second loses)."
2026-07-20T01:02:29Z,kalshi:KXGOLDMON-26JUL3117-T4551.99:BUY NO|polymarket:2677832:BUY YES,cross-platform,0.0003,0.001,0.0007,100.0,0.03,2026-07-31T21:00:00Z,"BUY YES~Gold hits $4,500 · XAUUSD · by Aug 1~polymarket;BUY NO~Gold settles ≥ $4,551 · XAUUSD · Jul 31~kalshi","BUY YES 'Will Gold (XAUUSD) hit (HIGH) $4,500 in July?' @ 0.009 on polymarket + BUY NO 'Gold price on July 31, 2026 at 5:00 PM EDT? — above $4551.99' @ 0.990 on kalshi: costs $0.999 for a guaranteed $1 payout (YES on the first leg is forced whenever NO on the second loses)."
2026-07-20T01:02:29Z,kalshi:KXGOLDMON-26JUL3117-T4591.99:BUY NO|polymarket:2677832:BUY YES,cross-platform,0.0003,0.001,0.0007,100.0,0.03,2026-07-31T21:00:00Z,"BUY YES~Gold hits $4,500 · XAUUSD · by Aug 1~polymarket;BUY NO~Gold settles ≥ $4,591 · XAUUSD · Jul 31~kalshi","BUY YES 'Will Gold (XAUUSD) hit (HIGH) $4,500 in July?' @ 0.009 on polymarket + BUY NO 'Gold price on July 31, 2026 at 5:00 PM EDT? — above $4591.99' @ 0.990 on kalshi: costs $0.999 for a guaranteed $1 payout (YES on the first leg is forced whenever NO on the second loses)."
2026-07-20T01:02:29Z,kalshi:KXGOLDMON-26JUL3117-T4511.99:BUY NO|polymarket:2677832:BUY YES,cross-platform,0.0003,0.001,0.0007,100.0,0.03,2026-07-31T21:00:00Z,"BUY YES~Gold hits $4,500 · XAUUSD · by Aug 1~polymarket;BUY NO~Gold settles ≥ $4,511 · XAUUSD · Jul 31~kalshi","BUY YES 'Will Gold (XAUUSD) hit (HIGH) $4,500 in July?' @ 0.009 on polymarket + BUY NO 'Gold price on July 31, 2026 at 5:00 PM EDT? — above $4511.99' @ 0.990 on kalshi: costs $0.999 for a guaranteed $1 payout (YES on the first leg is forced whenever NO on the second loses)."
2026-07-20T01:02:29Z,kalshi:KXGOLDMON-26JUL3117-T4671.99:BUY NO|polymarket:2677832:BUY YES,cross-platform,0.0003,0.001,0.0007,100.0,0.03,2026-07-31T21:00:00Z,"BUY YES~Gold hits $4,500 · XAUUSD · by Aug 1~polymarket;BUY NO~Gold settles ≥ $4,671 · XAUUSD · Jul 31~kalshi","BUY YES 'Will Gold (XAUUSD) hit (HIGH) $4,500 in July?' @ 0.009 on polymarket + BUY NO 'Gold price on July 31, 2026 at 5:00 PM EDT? — above $4671.99' @ 0.990 on kalshi: costs $0.999 for a guaranteed $1 payout (YES on the first leg is forced whenever NO on the second loses)."
2026-07-20T01:02:29Z,kalshi:KXGOLDMON-26JUL3117-T4631.99:BUY NO|polymarket:2677832:BUY YES,cross-platform,0.0003,0.001,0.0007,100.0,0.03,2026-07-31T21:00:00Z,"BUY YES~Gold hits $4,500 · XAUUSD · by Aug 1~polymarket;BUY NO~Gold settles ≥ $4,631 · XAUUSD · Jul 31~kalshi","BUY YES 'Will Gold (XAUUSD) hit (HIGH) $4,500 in July?' @ 0.009 on polymarket + BUY NO 'Gold price on July 31, 2026 at 5:00 PM EDT? — above $4631.99' @ 0.990 on kalshi: costs $0.999 for a guaranteed $1 payout (YES on the first leg is forced whenever NO on the second loses)."
2026-07-20T01:02:29Z,kalshi:KXGOLDMON-26JUL3117-T4871.99:BUY NO|polymarket:2677832:BUY YES,cross-platform,0.0003,0.001,0.0007,100.0,0.03,2026-07-31T21:00:00Z,"BUY YES~Gold hits $4,500 · XAUUSD · by Aug 1~polymarket;BUY NO~Gold settles ≥ $4,871 · XAUUSD · Jul 31~kalshi","BUY YES 'Will Gold (XAUUSD) hit (HIGH) $4,500 in July?' @ 0.009 on polymarket + BUY NO 'Gold price on July 31, 2026 at 5:00 PM EDT? — above $4871.99' @ 0.990 on kalshi: costs $0.999 for a guaranteed $1 payout (YES on the first leg is forced whenever NO on the second loses)."
2026-07-20T13:24:00Z,kalshi:KXGOLDMON-26JUL3117-T4711.99:BUY NO|polymarket:2677831:BUY YES,cross-platform,0.0003,0.001,0.0007,100.0,0.03,2026-07-31T21:00:00Z,"BUY YES~Gold hits $4,600 · XAUUSD · by Aug 1~polymarket;BUY NO~Gold settles ≥ $4,711 · XAUUSD · Jul 31~kalshi","BUY YES 'Will Gold (XAUUSD) hit (HIGH) $4,600 in July?' @ 0.009 on polymarket + BUY NO 'Gold price on July 31, 2026 at 5:00 PM EDT? — above $4711.99' @ 0.990 on kalshi: costs $0.999 for a guaranteed $1 payout (YES on the first leg is forced whenever NO on the second loses)."
2026-07-20T13:24:00Z,kalshi:KXGOLDMON-26JUL3117-T4711.99:BUY NO|polymarket:2677832:BUY YES,cross-platform,0.0003,0.001,0.0007,100.0,0.03,2026-07-31T21:00:00Z,"BUY YES~Gold hits $4,500 · XAUUSD · by Aug 1~polymarket;BUY NO~Gold settles ≥ $4,711 · XAUUSD · Jul 31~kalshi","BUY YES 'Will Gold (XAUUSD) hit (HIGH) $4,500 in July?' @ 0.009 on polymarket + BUY NO 'Gold price on July 31, 2026 at 5:00 PM EDT? — above $4711.99' @ 0.990 on kalshi: costs $0.999 for a guaranteed $1 payout (YES on the first leg is forced whenever NO on the second loses)."
2026-07-20T13:24:00Z,kalshi:KXGOLDMON-26JUL3117-T4751.99:BUY NO|polymarket:2677831:BUY YES,cross-platform,0.0003,0.001,0.0007,100.0,0.03,2026-07-31T21:00:00Z,"BUY YES~Gold hits $4,600 · XAUUSD · by Aug 1~polymarket;BUY NO~Gold settles ≥ $4,751 · XAUUSD · Jul 31~kalshi","BUY YES 'Will Gold (XAUUSD) hit (HIGH) $4,600 in July?' @ 0.009 on polymarket + BUY NO 'Gold price on July 31, 2026 at 5:00 PM EDT? — above $4751.99' @ 0.990 on kalshi: costs $0.999 for a guaranteed $1 payout (YES on the first leg is forced whenever NO on the second loses)."
2026-07-20T13:24:00Z,kalshi:KXGOLDMON-26JUL3117-T4751.99:BUY NO|polymarket:2677832:BUY YES,cross-platform,0.0003,0.001,0.0007,100.0,0.03,2026-07-31T21:00:00Z,"BUY YES~Gold hits $4,500 · XAUUSD · by Aug 1~polymarket;BUY NO~Gold settles ≥ $4,751 · XAUUSD · Jul 31~kalshi","BUY YES 'Will Gold (XAUUSD) hit (HIGH) $4,500 in July?' @ 0.009 on polymarket + BUY NO 'Gold price on July 31, 2026 at 5:00 PM EDT? — above $4751.99' @ 0.990 on kalshi: costs $0.999 for a guaranteed $1 payout (YES on the first leg is forced whenever NO on the second loses)."
2026-07-20T13:24:00Z,kalshi:KXGOLDMON-26JUL3117-T4791.99:BUY NO|polymarket:2677831:BUY YES,cross-platform,0.0003,0.001,0.0007,100.0,0.03,2026-07-31T21:00:00Z,"BUY YES~Gold hits $4,600 · XAUUSD · by Aug 1~polymarket;BUY NO~Gold settles ≥ $4,791 · XAUUSD · Jul 31~kalshi","BUY YES 'Will Gold (XAUUSD) hit (HIGH) $4,600 in July?' @ 0.009 on polymarket + BUY NO 'Gold price on July 31, 2026 at 5:00 PM EDT? — above $4791.99' @ 0.990 on kalshi: costs $0.999 for a guaranteed $1 payout (YES on the first leg is forced whenever NO on the second loses)."
2026-07-20T13:24:00Z,kalshi:KXGOLDMON-26JUL3117-T4791.99:BUY NO|polymarket:2677832:BUY YES,cross-platform,0.0003,0.001,0.0007,100.0,0.03,2026-07-31T21:00:00Z,"BUY YES~Gold hits $4,500 · XAUUSD · by Aug 1~polymarket;BUY NO~Gold settles ≥ $4,791 · XAUUSD · Jul 31~kalshi","BUY YES 'Will Gold (XAUUSD) hit (HIGH) $4,500 in July?' @ 0.009 on polymarket + BUY NO 'Gold price on July 31, 2026 at 5:00 PM EDT? — above $4791.99' @ 0.990 on kalshi: costs $0.999 for a guaranteed $1 payout (YES on the first leg is forced whenever NO on the second loses)."
2026-07-20T13:24:00Z,kalshi:KXGOLDMON-26JUL3117-T4591.99:BUY NO|polymarket:2677832:BUY YES,cross-platform,0.0003,0.001,0.0007,100.0,0.03,2026-07-31T21:00:00Z,"BUY YES~Gold hits $4,500 · XAUUSD · by Aug 1~polymarket;BUY NO~Gold settles ≥ $4,591 · XAUUSD · Jul 31~kalshi","BUY YES 'Will Gold (XAUUSD) hit (HIGH) $4,500 in July?' @ 0.009 on polymarket + BUY NO 'Gold price on July 31, 2026 at 5:00 PM EDT? — above $4591.99' @ 0.990 on kalshi: costs $0.999 for a guaranteed $1 payout (YES on the first leg is forced whenever NO on the second loses)."
2026-07-20T13:24:00Z,kalshi:KXGOLDMON-26JUL3117-T4631.99:BUY NO|polymarket:2677831:BUY YES,cross-platform,0.0003,0.001,0.0007,100.0,0.03,2026-07-31T21:00:00Z,"BUY YES~Gold hits $4,600 · XAUUSD · by Aug 1~polymarket;BUY NO~Gold settles ≥ $4,631 · XAUUSD · Jul 31~kalshi","BUY YES 'Will Gold (XAUUSD) hit (HIGH) $4,600 in July?' @ 0.009 on polymarket + BUY NO 'Gold price on July 31, 2026 at 5:00 PM EDT? — above $4631.99' @ 0.990 on kalshi: costs $0.999 for a guaranteed $1 payout (YES on the first leg is forced whenever NO on the second loses)."
2026-07-20T13:24:00Z,kalshi:KXGOLDMON-26JUL3117-T4631.99:BUY NO|polymarket:2677832:BUY YES,cross-platform,0.0003,0.001,0.0007,100.0,0.03,2026-07-31T21:00:00Z,"BUY YES~Gold hits $4,500 · XAUUSD · by Aug 1~polymarket;BUY NO~Gold settles ≥ $4,631 · XAUUSD · Jul 31~kalshi","BUY YES 'Will Gold (XAUUSD) hit (HIGH) $4,500 in July?' @ 0.009 on polymarket + BUY NO 'Gold price on July 31, 2026 at 5:00 PM EDT? — above $4631.99' @ 0.990 on kalshi: costs $0.999 for a guaranteed $1 payout (YES on the first leg is forced whenever NO on the second loses)."
2026-07-20T13:24:00Z,kalshi:KXGOLDMON-26JUL3117-T4671.99:BUY NO|polymarket:2677831:BUY YES,cross-platform,0.0003,0.001,0.0007,100.0,0.03,2026-07-31T21:00:00Z,"BUY YES~Gold hits $4,600 · XAUUSD · by Aug 1~polymarket;BUY NO~Gold settles ≥ $4,671 · XAUUSD · Jul 31~kalshi","BUY YES 'Will Gold (XAUUSD) hit (HIGH) $4,600 in July?' @ 0.009 on polymarket + BUY NO 'Gold price on July 31, 2026 at 5:00 PM EDT? — above $4671.99' @ 0.990 on kalshi: costs $0.999 for a guaranteed $1 payout (YES on the first leg is forced whenever NO on the second loses)."
2026-07-20T13:24:00Z,kalshi:KXGOLDMON-26JUL3117-T4671.99:BUY NO|polymarket:2677832:BUY YES,cross-platform,0.0003,0.001,0.0007,100.0,0.03,2026-07-31T21:00:00Z,"BUY YES~Gold hits $4,500 · XAUUSD · by Aug 1~polymarket;BUY NO~Gold settles ≥ $4,671 · XAUUSD · Jul 31~kalshi","BUY YES 'Will Gold (XAUUSD) hit (HIGH) $4,500 in July?' @ 0.009 on polymarket + BUY NO 'Gold price on July 31, 2026 at 5:00 PM EDT? — above $4671.99' @ 0.990 on kalshi: costs $0.999 for a guaranteed $1 payout (YES on the first leg is forced whenever NO on the second loses)."
2026-07-20T13:24:00Z,kalshi:KXGOLDMON-26JUL3117-T4511.99:BUY NO|polymarket:2677832:BUY YES,cross-platform,0.0003,0.001,0.0007,100.0,0.03,2026-07-31T21:00:00Z,"BUY YES~Gold hits $4,500 · XAUUSD · by Aug 1~polymarket;BUY NO~Gold settles ≥ $4,511 · XAUUSD · Jul 31~kalshi","BUY YES 'Will Gold (XAUUSD) hit (HIGH) $4,500 in July?' @ 0.009 on polymarket + BUY NO 'Gold price on July 31, 2026 at 5:00 PM EDT? — above $4511.99' @ 0.990 on kalshi: costs $0.999 for a guaranteed $1 payout (YES on the first leg is forced whenever NO on the second loses)."
2026-07-20T13:24:00Z,kalshi:KXGOLDMON-26JUL3117-T4831.99:BUY NO|polymarket:2677831:BUY YES,cross-platform,0.0003,0.001,0.0007,100.0,0.03,2026-07-31T21:00:00Z,"BUY YES~Gold hits $4,600 · XAUUSD · by Aug 1~polymarket;BUY NO~Gold settles ≥ $4,831 · XAUUSD · Jul 31~kalshi","BUY YES 'Will Gold (XAUUSD) hit (HIGH) $4,600 in July?' @ 0.009 on polymarket + BUY NO 'Gold price on July 31, 2026 at 5:00 PM EDT? — above $4831.99' @ 0.990 on kalshi: costs $0.999 for a guaranteed $1 payout (YES on the first leg is forced whenever NO on the second loses)."
2026-07-20T13:24:00Z,kalshi:KXGOLDMON-26JUL3117-T4831.99:BUY NO|polymarket:2677832:BUY YES,cross-platform,0.0003,0.001,0.0007,100.0,0.03,2026-07-31T21:00:00Z,"BUY YES~Gold hits $4,500 · XAUUSD · by Aug 1~polymarket;BUY NO~Gold settles ≥ $4,831 · XAUUSD · Jul 31~kalshi","BUY YES 'Will Gold (XAUUSD) hit (HIGH) $4,500 in July?' @ 0.009 on polymarket + BUY NO 'Gold price on July 31, 2026 at 5:00 PM EDT? — above $4831.99' @ 0.990 on kalshi: costs $0.999 for a guaranteed $1 payout (YES on the first leg is forced whenever NO on the second loses)."
2026-07-20T13:24:00Z,kalshi:KXGOLDMON-26JUL3117-T4871.99:BUY NO|polymarket:2677831:BUY YES,cross-platform,0.0003,0.001,0.0007,100.0,0.03,2026-07-31T21:00:00Z,"BUY YES~Gold hits $4,600 · XAUUSD · by Aug 1~polymarket;BUY NO~Gold settles ≥ $4,871 · XAUUSD · Jul 31~kalshi","BUY YES 'Will Gold (XAUUSD) hit (HIGH) $4,600 in July?' @ 0.009 on polymarket + BUY NO 'Gold price on July 31, 2026 at 5:00 PM EDT? — above $4871.99' @ 0.990 on kalshi: costs $0.999 for a guaranteed $1 payout (YES on the first leg is forced whenever NO on the second loses)."
2026-07-20T13:24:00Z,kalshi:KXGOLDMON-26JUL3117-T4871.99:BUY NO|polymarket:2677832:BUY YES,cross-platform,0.0003,0.001,0.0007,100.0,0.03,2026-07-31T21:00:00Z,"BUY YES~Gold hits $4,500 · XAUUSD · by Aug 1~polymarket;BUY NO~Gold settles ≥ $4,871 · XAUUSD · Jul 31~kalshi","BUY YES 'Will Gold (XAUUSD) hit (HIGH) $4,500 in July?' @ 0.009 on polymarket + BUY NO 'Gold price on July 31, 2026 at 5:00 PM EDT? — above $4871.99' @ 0.990 on kalshi: costs $0.999 for a guaranteed $1 payout (YES on the first leg is forced whenever NO on the second loses)."
2026-07-20T13:24:00Z,kalshi:KXGOLDMON-26JUL3117-T4551.99:BUY NO|polymarket:2677832:BUY YES,cross-platform,0.0003,0.001,0.0007,50.0,0.01,2026-07-31T21:00:00Z,"BUY YES~Gold hits $4,500 · XAUUSD · by Aug 1~polymarket;BUY NO~Gold settles ≥ $4,551 · XAUUSD · Jul 31~kalshi","BUY YES 'Will Gold (XAUUSD) hit (HIGH) $4,500 in July?' @ 0.009 on polymarket + BUY NO 'Gold price on July 31, 2026 at 5:00 PM EDT? — above $4551.99' @ 0.990 on kalshi: costs $0.999 for a guaranteed $1 payout (YES on the first leg is forced whenever NO on the second loses)."
2026-07-20T13:24:00Z,kalshi:KXGOLDMON-26JUL3117-T3351.99:BUY YES|polymarket:2677843:BUY YES,cross-platform,0.0033,0.004,0.0007,0.0,0.0,2026-07-31T21:00:00Z,"BUY YES~Gold drops to $3,400 · XAUUSD · by Aug 1~polymarket;BUY YES~Gold settles ≥ $3,351 · XAUUSD · Jul 31~kalshi","BUY YES 'Will Gold (XAUUSD) hit (LOW) $3,400 in July?' @ 0.006 on polymarket + BUY YES 'Gold price on July 31, 2026 at 5:00 PM EDT? — above $3351.99' @ 0.990 on kalshi: costs $0.996 for a guaranteed $1 payout (YES on the first leg is forced whenever NO on the second loses)."
2026-07-20T13:24:00Z,kalshi:KXGOLDMON-26JUL3117-T3391.99:BUY YES|polymarket:2677843:BUY YES,cross-platform,0.0033,0.004,0.0007,0.0,0.0,2026-07-31T21:00:00Z,"BUY YES~Gold drops to $3,400 · XAUUSD · by Aug 1~polymarket;BUY YES~Gold settles ≥ $3,391 · XAUUSD · Jul 31~kalshi","BUY YES 'Will Gold (XAUUSD) hit (LOW) $3,400 in July?' @ 0.006 on polymarket + BUY YES 'Gold price on July 31, 2026 at 5:00 PM EDT? — above $3391.99' @ 0.990 on kalshi: costs $0.996 for a guaranteed $1 payout (YES on the first leg is forced whenever NO on the second loses)."
2026-07-20T18:49:36Z,polymarket:1294363:BUY NO|polymarket:1294364:BUY YES,ladder,0.001,0.001,0.0,256.41,0.26,2026-12-31T00:00:00Z,"BUY YES~Gold hits $12,000 · GC · by Dec 31~polymarket;BUY NO~Gold hits $15,000 · GC · by Dec 31~polymarket","BUY YES 'Will Gold (GC) hit (HIGH) $12,000 by end of December?' @ 0.027 on polymarket + BUY NO 'Will Gold (GC) hit (HIGH) $15,000 by end of December?' @ 0.972 on polymarket: costs $0.999 for a guaranteed $1 payout (YES on the first leg is forced whenever NO on the second loses)."
2026-07-20T18:49:36Z,kalshi:KXGOLDMON-26JUL3117-T4511.99:BUY NO|polymarket:2677832:BUY YES,cross-platform,0.0003,0.001,0.0007,100.0,0.03,2026-07-31T21:00:00Z,"BUY YES~Gold hits $4,500 · XAUUSD · by Aug 1~polymarket;BUY NO~Gold settles ≥ $4,511 · XAUUSD · Jul 31~kalshi","BUY YES 'Will Gold (XAUUSD) hit (HIGH) $4,500 in July?' @ 0.009 on polymarket + BUY NO 'Gold price on July 31, 2026 at 5:00 PM EDT? — above $4511.99' @ 0.990 on kalshi: costs $0.999 for a guaranteed $1 payout (YES on the first leg is forced whenever NO on the second loses)."
2026-07-20T18:49:36Z,kalshi:KXGOLDMON-26JUL3117-T4751.99:BUY NO|polymarket:2677832:BUY YES,cross-platform,0.0003,0.001,0.0007,100.0,0.03,2026-07-31T21:00:00Z,"BUY YES~Gold hits $4,500 · XAUUSD · by Aug 1~polymarket;BUY NO~Gold settles ≥ $4,751 · XAUUSD · Jul 31~kalshi","BUY YES 'Will Gold (XAUUSD) hit (HIGH) $4,500 in July?' @ 0.009 on polymarket + BUY NO 'Gold price on July 31, 2026 at 5:00 PM EDT? — above $4751.99' @ 0.990 on kalshi: costs $0.999 for a guaranteed $1 payout (YES on the first leg is forced whenever NO on the second loses)."
2026-07-20T18:49:36Z,kalshi:KXGOLDMON-26JUL3117-T4631.99:BUY NO|polymarket:2677832:BUY YES,cross-platform,0.0003,0.001,0.0007,100.0,0.03,2026-07-31T21:00:00Z,"BUY YES~Gold hits $4,500 · XAUUSD · by Aug 1~polymarket;BUY NO~Gold settles ≥ $4,631 · XAUUSD · Jul 31~kalshi","BUY YES 'Will Gold (XAUUSD) hit (HIGH) $4,500 in July?' @ 0.009 on polymarket + BUY NO 'Gold price on July 31, 2026 at 5:00 PM EDT? — above $4631.99' @ 0.990 on kalshi: costs $0.999 for a guaranteed $1 payout (YES on the first leg is forced whenever NO on the second loses)."
2026-07-20T18:49:36Z,kalshi:KXGOLDMON-26JUL3117-T4671.99:BUY NO|polymarket:2677832:BUY YES,cross-platform,0.0003,0.001,0.0007,100.0,0.03,2026-07-31T21:00:00Z,"BUY YES~Gold hits $4,500 · XAUUSD · by Aug 1~polymarket;BUY NO~Gold settles ≥ $4,671 · XAUUSD · Jul 31~kalshi","BUY YES 'Will Gold (XAUUSD) hit (HIGH) $4,500 in July?' @ 0.009 on polymarket + BUY NO 'Gold price on July 31, 2026 at 5:00 PM EDT? — above $4671.99' @ 0.990 on kalshi: costs $0.999 for a guaranteed $1 payout (YES on the first leg is forced whenever NO on the second loses)."
2026-07-20T18:49:36Z,kalshi:KXGOLDMON-26JUL3117-T4791.99:BUY NO|polymarket:2677832:BUY YES,cross-platform,0.0003,0.001,0.0007,100.0,0.03,2026-07-31T21:00:00Z,"BUY YES~Gold hits $4,500 · XAUUSD · by Aug 1~polymarket;BUY NO~Gold settles ≥ $4,791 · XAUUSD · Jul 31~kalshi","BUY YES 'Will Gold (XAUUSD) hit (HIGH) $4,500 in July?' @ 0.009 on polymarket + BUY NO 'Gold price on July 31, 2026 at 5:00 PM EDT? — above $4791.99' @ 0.990 on kalshi: costs $0.999 for a guaranteed $1 payout (YES on the first leg is forced whenever NO on the second loses)."
2026-07-20T18:49:36Z,kalshi:KXGOLDMON-26JUL3117-T4711.99:BUY NO|polymarket:2677832:BUY YES,cross-platform,0.0003,0.001,0.0007,100.0,0.03,2026-07-31T21:00:00Z,"BUY YES~Gold hits $4,500 · XAUUSD · by Aug 1~polymarket;BUY NO~Gold settles ≥ $4,711 · XAUUSD · Jul 31~kalshi","BUY YES 'Will Gold (XAUUSD) hit (HIGH) $4,500 in July?' @ 0.009 on polymarket + BUY NO 'Gold price on July 31, 2026 at 5:00 PM EDT? — above $4711.99' @ 0.990 on kalshi: costs $0.999 for a guaranteed $1 payout (YES on the first leg is forced whenever NO on the second loses)."
2026-07-20T18:49:36Z,kalshi:KXGOLDMON-26JUL3117-T4551.99:BUY NO|polymarket:2677832:BUY YES,cross-platform,0.0003,0.001,0.0007,100.0,0.03,2026-07-31T21:00:00Z,"BUY YES~Gold hits $4,500 · XAUUSD · by Aug 1~polymarket;BUY NO~Gold settles ≥ $4,551 · XAUUSD · Jul 31~kalshi","BUY YES 'Will Gold (XAUUSD) hit (HIGH) $4,500 in July?' @ 0.009 on polymarket + BUY NO 'Gold price on July 31, 2026 at 5:00 PM EDT? — above $4551.99' @ 0.990 on kalshi: costs $0.999 for a guaranteed $1 payout (YES on the first leg is forced whenever NO on the second loses)."
2026-07-20T18:49:36Z,kalshi:KXGOLDMON-26JUL3117-T4591.99:BUY NO|polymarket:2677832:BUY YES,cross-platform,0.0003,0.001,0.0007,100.0,0.03,2026-07-31T21:00:00Z,"BUY YES~Gold hits $4,500 · XAUUSD · by Aug 1~polymarket;BUY NO~Gold settles ≥ $4,591 · XAUUSD · Jul 31~kalshi","BUY YES 'Will Gold (XAUUSD) hit (HIGH) $4,500 in July?' @ 0.009 on polymarket + BUY NO 'Gold price on July 31, 2026 at 5:00 PM EDT? — above $4591.99' @ 0.990 on kalshi: costs $0.999 for a guaranteed $1 payout (YES on the first leg is forced whenever NO on the second loses)."
2026-07-20T21:39:32Z,kalshi:KXGOLDMON-26JUL3117-T3351.99:BUY YES|polymarket:2677843:BUY YES,cross-platform,0.0023,0.003,0.0007,100.0,0.23,2026-07-31T21:00:00Z,"BUY YES~Gold drops to $3,400 · XAUUSD · by Aug 1~polymarket;BUY YES~Gold settles ≥ $3,351 · XAUUSD · Jul 31~kalshi","BUY YES 'Will Gold (XAUUSD) hit (LOW) $3,400 in July?' @ 0.007 on polymarket + BUY YES 'Gold price on July 31, 2026 at 5:00 PM EDT? — above $3351.99' @ 0.990 on kalshi: costs $0.997 for a guaranteed $1 payout (YES on the first leg is forced whenever NO on the second loses)."
2026-07-20T21:39:32Z,kalshi:KXGOLDMON-26JUL3117-T3391.99:BUY YES|polymarket:2677843:BUY YES,cross-platform,0.0023,0.003,0.0007,100.0,0.23,2026-07-31T21:00:00Z,"BUY YES~Gold drops to $3,400 · XAUUSD · by Aug 1~polymarket;BUY YES~Gold settles ≥ $3,391 · XAUUSD · Jul 31~kalshi","BUY YES 'Will Gold (XAUUSD) hit (LOW) $3,400 in July?' @ 0.007 on polymarket + BUY YES 'Gold price on July 31, 2026 at 5:00 PM EDT? — above $3391.99' @ 0.990 on kalshi: costs $0.997 for a guaranteed $1 payout (YES on the first leg is forced whenever NO on the second loses)."
2026-07-20T21:39:32Z,kalshi:KXGOLDMON-26JUL3117-T4511.99:BUY NO|polymarket:2677832:BUY YES,cross-platform,0.0003,0.001,0.0007,100.0,0.03,2026-07-31T21:00:00Z,"BUY YES~Gold hits $4,500 · XAUUSD · by Aug 1~polymarket;BUY NO~Gold settles ≥ $4,511 · XAUUSD · Jul 31~kalshi","BUY YES 'Will Gold (XAUUSD) hit (HIGH) $4,500 in July?' @ 0.009 on polymarket + BUY NO 'Gold price on July 31, 2026 at 5:00 PM EDT? — above $4511.99' @ 0.990 on kalshi: costs $0.999 for a guaranteed $1 payout (YES on the first leg is forced whenever NO on the second loses)."
2026-07-20T21:39:32Z,kalshi:KXGOLDMON-26JUL3117-T4791.99:BUY NO|polymarket:2677832:BUY YES,cross-platform,0.0003,0.001,0.0007,100.0,0.03,2026-07-31T21:00:00Z,"BUY YES~Gold hits $4,500 · XAUUSD · by Aug 1~polymarket;BUY NO~Gold settles ≥ $4,791 · XAUUSD · Jul 31~kalshi","BUY YES 'Will Gold (XAUUSD) hit (HIGH) $4,500 in July?' @ 0.009 on polymarket + BUY NO 'Gold price on July 31, 2026 at 5:00 PM EDT? — above $4791.99' @ 0.990 on kalshi: costs $0.999 for a guaranteed $1 payout (YES on the first leg is forced whenever NO on the second loses)."
2026-07-20T21:39:32Z,kalshi:KXGOLDMON-26JUL3117-T4711.99:BUY NO|polymarket:2677832:BUY YES,cross-platform,0.0003,0.001,0.0007,100.0,0.03,2026-07-31T21:00:00Z,"BUY YES~Gold hits $4,500 · XAUUSD · by Aug 1~polymarket;BUY NO~Gold settles ≥ $4,711 · XAUUSD · Jul 31~kalshi","BUY YES 'Will Gold (XAUUSD) hit (HIGH) $4,500 in July?' @ 0.009 on polymarket + BUY NO 'Gold price on July 31, 2026 at 5:00 PM EDT? — above $4711.99' @ 0.990 on kalshi: costs $0.999 for a guaranteed $1 payout (YES on the first leg is forced whenever NO on the second loses)."
2026-07-20T21:39:32Z,kalshi:KXGOLDMON-26JUL3117-T4671.99:BUY NO|polymarket:2677832:BUY YES,cross-platform,0.0003,0.001,0.0007,100.0,0.03,2026-07-31T21:00:00Z,"BUY YES~Gold hits $4,500 · XAUUSD · by Aug 1~polymarket;BUY NO~Gold settles ≥ $4,671 · XAUUSD · Jul 31~kalshi","BUY YES 'Will Gold (XAUUSD) hit (HIGH) $4,500 in July?' @ 0.009 on polymarket + BUY NO 'Gold price on July 31, 2026 at 5:00 PM EDT? — above $4671.99' @ 0.990 on kalshi: costs $0.999 for a guaranteed $1 payout (YES on the first leg is forced whenever NO on the second loses)."
2026-07-20T21:39:32Z,kalshi:KXGOLDMON-26JUL3117-T4551.99:BUY NO|polymarket:2677832:BUY YES,cross-platform,0.0003,0.001,0.0007,100.0,0.03,2026-07-31T21:00:00Z,"BUY YES~Gold hits $4,500 · XAUUSD · by Aug 1~polymarket;BUY NO~Gold settles ≥ $4,551 · XAUUSD · Jul 31~kalshi","BUY YES 'Will Gold (XAUUSD) hit (HIGH) $4,500 in July?' @ 0.009 on polymarket + BUY NO 'Gold price on July 31, 2026 at 5:00 PM EDT? — above $4551.99' @ 0.990 on kalshi: costs $0.999 for a guaranteed $1 payout (YES on the first leg is forced whenever NO on the second loses)."
2026-07-20T21:39:32Z,kalshi:KXGOLDMON-26JUL3117-T4631.99:BUY NO|polymarket:2677832:BUY YES,cross-platform,0.0003,0.001,0.0007,100.0,0.03,2026-07-31T21:00:00Z,"BUY YES~Gold hits $4,500 · XAUUSD · by Aug 1~polymarket;BUY NO~Gold settles ≥ $4,631 · XAUUSD · Jul 31~kalshi","BUY YES 'Will Gold (XAUUSD) hit (HIGH) $4,500 in July?' @ 0.009 on polymarket + BUY NO 'Gold price on July 31, 2026 at 5:00 PM EDT? — above $4631.99' @ 0.990 on kalshi: costs $0.999 for a guaranteed $1 payout (YES on the first leg is forced whenever NO on the second loses)."
2026-07-20T21:39:32Z,kalshi:KXGOLDMON-26JUL3117-T4591.99:BUY NO|polymarket:2677832:BUY YES,cross-platform,0.0003,0.001,0.0007,100.0,0.03,2026-07-31T21:00:00Z,"BUY YES~Gold hits $4,500 · XAUUSD · by Aug 1~polymarket;BUY NO~Gold settles ≥ $4,591 · XAUUSD · Jul 31~kalshi","BUY YES 'Will Gold (XAUUSD) hit (HIGH) $4,500 in July?' @ 0.009 on polymarket + BUY NO 'Gold price on July 31, 2026 at 5:00 PM EDT? — above $4591.99' @ 0.990 on kalshi: costs $0.999 for a guaranteed $1 payout (YES on the first leg is forced whenever NO on the second loses)."
2026-07-20T21:39:32Z,kalshi:KXGOLDMON-26JUL3117-T4751.99:BUY NO|polymarket:2677832:BUY YES,cross-platform,0.0003,0.001,0.0007,100.0,0.03,2026-07-31T21:00:00Z,"BUY YES~Gold hits $4,500 · XAUUSD · by Aug 1~polymarket;BUY NO~Gold settles ≥ $4,751 · XAUUSD · Jul 31~kalshi","BUY YES 'Will Gold (XAUUSD) hit (HIGH) $4,500 in July?' @ 0.009 on polymarket + BUY NO 'Gold price on July 31, 2026 at 5:00 PM EDT? — above $4751.99' @ 0.990 on kalshi: costs $0.999 for a guaranteed $1 payout (YES on the first leg is forced whenever NO on the second loses)."
2026-07-20T23:51:10Z,polymarket:1294363:BUY NO|polymarket:1294364:BUY YES,ladder,0.002,0.002,0.0,256.41,0.51,2026-12-31T00:00:00Z,"BUY YES~Gold hits $12,000 · GC · by Dec 31~polymarket;BUY NO~Gold hits $15,000 · GC · by Dec 31~polymarket","BUY YES 'Will Gold (GC) hit (HIGH) $12,000 by end of December?' @ 0.027 on polymarket + BUY NO 'Will Gold (GC) hit (HIGH) $15,000 by end of December?' @ 0.971 on polymarket: costs $0.998 for a guaranteed $1 payout (YES on the first leg is forced whenever NO on the second loses)."
2026-07-21T01:59:51Z,kalshi:KXGOLDMON-26JUL3117-T3391.99:BUY YES|polymarket:2677843:BUY YES,cross-platform,0.0023,0.003,0.0007,100.0,0.23,2026-07-31T21:00:00Z,"BUY YES~Gold drops to $3,400 · XAUUSD · by Aug 1~polymarket;BUY YES~Gold settles ≥ $3,391 · XAUUSD · Jul 31~kalshi","BUY YES 'Will Gold (XAUUSD) hit (LOW) $3,400 in July?' @ 0.007 on polymarket + BUY YES 'Gold price on July 31, 2026 at 5:00 PM EDT? — above $3391.99' @ 0.990 on kalshi: costs $0.997 for a guaranteed $1 payout (YES on the first leg is forced whenever NO on the second loses)."
2026-07-21T01:59:51Z,kalshi:KXGOLDMON-26JUL3117-T3351.99:BUY YES|polymarket:2677843:BUY YES,cross-platform,0.0023,0.003,0.0007,100.0,0.23,2026-07-31T21:00:00Z,"BUY YES~Gold drops to $3,400 · XAUUSD · by Aug 1~polymarket;BUY YES~Gold settles ≥ $3,351 · XAUUSD · Jul 31~kalshi","BUY YES 'Will Gold (XAUUSD) hit (LOW) $3,400 in July?' @ 0.007 on polymarket + BUY YES 'Gold price on July 31, 2026 at 5:00 PM EDT? — above $3351.99' @ 0.990 on kalshi: costs $0.997 for a guaranteed $1 payout (YES on the first leg is forced whenever NO on the second loses)."
2026-07-21T01:59:51Z,kalshi:KXGOLDMON-26JUL3117-T4711.99:BUY NO|polymarket:2677832:BUY YES,cross-platform,0.0003,0.001,0.0007,100.0,0.03,2026-07-31T21:00:00Z,"BUY YES~Gold hits $4,500 · XAUUSD · by Aug 1~polymarket;BUY NO~Gold settles ≥ $4,711 · XAUUSD · Jul 31~kalshi","BUY YES 'Will Gold (XAUUSD) hit (HIGH) $4,500 in July?' @ 0.009 on polymarket + BUY NO 'Gold price on July 31, 2026 at 5:00 PM EDT? — above $4711.99' @ 0.990 on kalshi: costs $0.999 for a guaranteed $1 payout (YES on the first leg is forced whenever NO on the second loses)."
2026-07-21T01:59:51Z,kalshi:KXGOLDMON-26JUL3117-T4591.99:BUY NO|polymarket:2677832:BUY YES,cross-platform,0.0003,0.001,0.0007,100.0,0.03,2026-07-31T21:00:00Z,"BUY YES~Gold hits $4,500 · XAUUSD · by Aug 1~polymarket;BUY NO~Gold settles ≥ $4,591 · XAUUSD · Jul 31~kalshi","BUY YES 'Will Gold (XAUUSD) hit (HIGH) $4,500 in July?' @ 0.009 on polymarket + BUY NO 'Gold price on July 31, 2026 at 5:00 PM EDT? — above $4591.99' @ 0.990 on kalshi: costs $0.999 for a guaranteed $1 payout (YES on the first leg is forced whenever NO on the second loses)."
2026-07-21T01:59:51Z,kalshi:KXGOLDMON-26JUL3117-T4751.99:BUY NO|polymarket:2677832:BUY YES,cross-platform,0.0003,0.001,0.0007,100.0,0.03,2026-07-31T21:00:00Z,"BUY YES~Gold hits $4,500 · XAUUSD · by Aug 1~polymarket;BUY NO~Gold settles ≥ $4,751 · XAUUSD · Jul 31~kalshi","BUY YES 'Will Gold (XAUUSD) hit (HIGH) $4,500 in July?' @ 0.009 on polymarket + BUY NO 'Gold price on July 31, 2026 at 5:00 PM EDT? — above $4751.99' @ 0.990 on kalshi: costs $0.999 for a guaranteed $1 payout (YES on the first leg is forced whenever NO on the second loses)."
2026-07-21T01:59:51Z,kalshi:KXGOLDMON-26JUL3117-T4791.99:BUY NO|polymarket:2677832:BUY YES,cross-platform,0.0003,0.001,0.0007,100.0,0.03,2026-07-31T21:00:00Z,"BUY YES~Gold hits $4,500 · XAUUSD · by Aug 1~polymarket;BUY NO~Gold settles ≥ $4,791 · XAUUSD · Jul 31~kalshi","BUY YES 'Will Gold (XAUUSD) hit (HIGH) $4,500 in July?' @ 0.009 on polymarket + BUY NO 'Gold price on July 31, 2026 at 5:00 PM EDT? — above $4791.99' @ 0.990 on kalshi: costs $0.999 for a guaranteed $1 payout (YES on the first leg is forced whenever NO on the second loses)."
2026-07-21T01:59:51Z,kalshi:KXGOLDMON-26JUL3117-T4511.99:BUY NO|polymarket:2677832:BUY YES,cross-platform,0.0003,0.001,0.0007,100.0,0.03,2026-07-31T21:00:00Z,"BUY YES~Gold hits $4,500 · XAUUSD · by Aug 1~polymarket;BUY NO~Gold settles ≥ $4,511 · XAUUSD · Jul 31~kalshi","BUY YES 'Will Gold (XAUUSD) hit (HIGH) $4,500 in July?' @ 0.009 on polymarket + BUY NO 'Gold price on July 31, 2026 at 5:00 PM EDT? — above $4511.99' @ 0.990 on kalshi: costs $0.999 for a guaranteed $1 payout (YES on the first leg is forced whenever NO on the second loses)."
2026-07-21T01:59:51Z,kalshi:KXGOLDMON-26JUL3117-T4631.99:BUY NO|polymarket:2677832:BUY YES,cross-platform,0.0003,0.001,0.0007,100.0,0.03,2026-07-31T21:00:00Z,"BUY YES~Gold hits $4,500 · XAUUSD · by Aug 1~polymarket;BUY NO~Gold settles ≥ $4,631 · XAUUSD · Jul 31~kalshi","BUY YES 'Will Gold (XAUUSD) hit (HIGH) $4,500 in July?' @ 0.009 on polymarket + BUY NO 'Gold price on July 31, 2026 at 5:00 PM EDT? — above $4631.99' @ 0.990 on kalshi: costs $0.999 for a guaranteed $1 payout (YES on the first leg is forced whenever NO on the second loses)."
2026-07-21T01:59:51Z,kalshi:KXGOLDMON-26JUL3117-T4671.99:BUY NO|polymarket:2677832:BUY YES,cross-platform,0.0003,0.001,0.0007,100.0,0.03,2026-07-31T21:00:00Z,"BUY YES~Gold hits $4,500 · XAUUSD · by Aug 1~polymarket;BUY NO~Gold settles ≥ $4,671 · XAUUSD · Jul 31~kalshi","BUY YES 'Will Gold (XAUUSD) hit (HIGH) $4,500 in July?' @ 0.009 on polymarket + BUY NO 'Gold price on July 31, 2026 at 5:00 PM EDT? — above $4671.99' @ 0.990 on kalshi: costs $0.999 for a guaranteed $1 payout (YES on the first leg is forced whenever NO on the second loses)."
2026-07-21T01:59:51Z,kalshi:KXGOLDMON-26JUL3117-T4551.99:BUY NO|polymarket:2677832:BUY YES,cross-platform,0.0003,0.001,0.0007,100.0,0.03,2026-07-31T21:00:00Z,"BUY YES~Gold hits $4,500 · XAUUSD · by Aug 1~polymarket;BUY NO~Gold settles ≥ $4,551 · XAUUSD · Jul 31~kalshi","BUY YES 'Will Gold (XAUUSD) hit (HIGH) $4,500 in July?' @ 0.009 on polymarket + BUY NO 'Gold price on July 31, 2026 at 5:00 PM EDT? — above $4551.99' @ 0.990 on kalshi: costs $0.999 for a guaranteed $1 payout (YES on the first leg is forced whenever NO on the second loses)."
2026-07-21T23:00:58Z,kalshi:KXGOLDMON-26JUL3117-T3591.99:BUY YES|polymarket:2677841:BUY YES,cross-platform,0.0016,0.003,0.0014,195.0,0.31,2026-07-31T21:00:00Z,"BUY YES~Gold drops to $3,600 · XAUUSD · by Aug 1~polymarket;BUY YES~Gold settles ≥ $3,591 · XAUUSD · Jul 31~kalshi","BUY YES 'Will Gold (XAUUSD) hit (LOW) $3,600 in July?' @ 0.017 on polymarket + BUY YES 'Gold price on July 31, 2026 at 5:00 PM EDT? — above $3591.99' @ 0.980 on kalshi: costs $0.997 for a guaranteed $1 payout (YES on the first leg is forced whenever NO on the second loses)."
2026-07-22T09:06:55Z,kalshi:KXGOLDMON-26JUL3117-T3591.99:BUY YES|polymarket:2677841:BUY YES,cross-platform,0.0036,0.005,0.0014,200.0,0.72,2026-07-31T21:00:00Z,"BUY YES~Gold drops to $3,600 · XAUUSD · by Aug 1~polymarket;BUY YES~Gold settles ≥ $3,591 · XAUUSD · Jul 31~kalshi","BUY YES 'Will Gold (XAUUSD) hit (LOW) $3,600 in July?' @ 0.015 on polymarket + BUY YES 'Gold price on July 31, 2026 at 5:00 PM EDT? — above $3591.99' @ 0.980 on kalshi: costs $0.995 for a guaranteed $1 payout (YES on the first leg is forced whenever NO on the second loses)."
2026-07-22T09:06:55Z,kalshi:KXGOLDMON-26JUL3117-T3671.99:BUY YES|polymarket:2677840:BUY YES,cross-platform,0.0056,0.007,0.0014,122.96,0.69,2026-07-31T21:00:00Z,"BUY YES~Gold drops to $3,700 · XAUUSD · by Aug 1~polymarket;BUY YES~Gold settles ≥ $3,671 · XAUUSD · Jul 31~kalshi","BUY YES 'Will Gold (XAUUSD) hit (LOW) $3,700 in July?' @ 0.013 on polymarket + BUY YES 'Gold price on July 31, 2026 at 5:00 PM EDT? — above $3671.99' @ 0.980 on kalshi: costs $0.993 for a guaranteed $1 payout (YES on the first leg is forced whenever NO on the second loses)."
2026-07-22T09:06:55Z,kalshi:KXGOLDMON-26JUL3117-T3631.99:BUY YES|polymarket:2677840:BUY YES,cross-platform,0.0056,0.007,0.0014,122.96,0.69,2026-07-31T21:00:00Z,"BUY YES~Gold drops to $3,700 · XAUUSD · by Aug 1~polymarket;BUY YES~Gold settles ≥ $3,631 · XAUUSD · Jul 31~kalshi","BUY YES 'Will Gold (XAUUSD) hit (LOW) $3,700 in July?' @ 0.013 on polymarket + BUY YES 'Gold price on July 31, 2026 at 5:00 PM EDT? — above $3631.99' @ 0.980 on kalshi: costs $0.993 for a guaranteed $1 payout (YES on the first leg is forced whenever NO on the second loses)."
2026-07-22T09:06:55Z,kalshi:KXGOLDMON-26JUL3117-T3591.99:BUY YES|polymarket:2677840:BUY YES,cross-platform,0.0056,0.007,0.0014,122.96,0.69,2026-07-31T21:00:00Z,"BUY YES~Gold drops to $3,700 · XAUUSD · by Aug 1~polymarket;BUY YES~Gold settles ≥ $3,591 · XAUUSD · Jul 31~kalshi","BUY YES 'Will Gold (XAUUSD) hit (LOW) $3,700 in July?' @ 0.013 on polymarket + BUY YES 'Gold price on July 31, 2026 at 5:00 PM EDT? — above $3591.99' @ 0.980 on kalshi: costs $0.993 for a guaranteed $1 payout (YES on the first leg is forced whenever NO on the second loses)."
2026-07-22T14:59:26Z,kalshi:KXGOLDMON-26JUL3117-T3671.99:BUY YES|polymarket:2677839:BUY YES,cross-platform,0.0026,0.004,0.0014,15.0,0.04,2026-07-31T21:00:00Z,"BUY YES~Gold drops to $3,800 · XAUUSD · by Aug 1~polymarket;BUY YES~Gold settles ≥ $3,671 · XAUUSD · Jul 31~kalshi","BUY YES 'Will Gold (XAUUSD) hit (LOW) $3,800 in July?' @ 0.016 on polymarket + BUY YES 'Gold price on July 31, 2026 at 5:00 PM EDT? — above $3671.99' @ 0.980 on kalshi: costs $0.996 for a guaranteed $1 payout (YES on the first leg is forced whenever NO on the second loses)."
2026-07-22T14:59:26Z,kalshi:KXGOLDMON-26JUL3117-T3591.99:BUY YES|polymarket:2677839:BUY YES,cross-platform,0.0026,0.004,0.0014,15.0,0.04,2026-07-31T21:00:00Z,"BUY YES~Gold drops to $3,800 · XAUUSD · by Aug 1~polymarket;BUY YES~Gold settles ≥ $3,591 · XAUUSD · Jul 31~kalshi","BUY YES 'Will Gold (XAUUSD) hit (LOW) $3,800 in July?' @ 0.016 on polymarket + BUY YES 'Gold price on July 31, 2026 at 5:00 PM EDT? — above $3591.99' @ 0.980 on kalshi: costs $0.996 for a guaranteed $1 payout (YES on the first leg is forced whenever NO on the second loses)."
2026-07-22T14:59:26Z,kalshi:KXGOLDMON-26JUL3117-T3711.99:BUY YES|polymarket:2677839:BUY YES,cross-platform,0.0026,0.004,0.0014,15.0,0.04,2026-07-31T21:00:00Z,"BUY YES~Gold drops to $3,800 · XAUUSD · by Aug 1~polymarket;BUY YES~Gold settles ≥ $3,711 · XAUUSD · Jul 31~kalshi","BUY YES 'Will Gold (XAUUSD) hit (LOW) $3,800 in July?' @ 0.016 on polymarket + BUY YES 'Gold price on July 31, 2026 at 5:00 PM EDT? — above $3711.99' @ 0.980 on kalshi: costs $0.996 for a guaranteed $1 payout (YES on the first leg is forced whenever NO on the second loses)."
2026-07-22T14:59:26Z,kalshi:KXGOLDMON-26JUL3117-T3751.99:BUY YES|polymarket:2677839:BUY YES,cross-platform,0.0026,0.004,0.0014,15.0,0.04,2026-07-31T21:00:00Z,"BUY YES~Gold drops to $3,800 · XAUUSD · by Aug 1~polymarket;BUY YES~Gold settles ≥ $3,751 · XAUUSD · Jul 31~kalshi","BUY YES 'Will Gold (XAUUSD) hit (LOW) $3,800 in July?' @ 0.016 on polymarket + BUY YES 'Gold price on July 31, 2026 at 5:00 PM EDT? — above $3751.99' @ 0.980 on kalshi: costs $0.996 for a guaranteed $1 payout (YES on the first leg is forced whenever NO on the second loses)."
2026-07-22T14:59:26Z,kalshi:KXGOLDMON-26JUL3117-T3631.99:BUY YES|polymarket:2677839:BUY YES,cross-platform,0.0026,0.004,0.0014,15.0,0.04,2026-07-31T21:00:00Z,"BUY YES~Gold drops to $3,800 · XAUUSD · by Aug 1~polymarket;BUY YES~Gold settles ≥ $3,631 · XAUUSD · Jul 31~kalshi","BUY YES 'Will Gold (XAUUSD) hit (LOW) $3,800 in July?' @ 0.016 on polymarket + BUY YES 'Gold price on July 31, 2026 at 5:00 PM EDT? — above $3631.99' @ 0.980 on kalshi: costs $0.996 for a guaranteed $1 payout (YES on the first leg is forced whenever NO on the second loses)."
2026-07-22T14:59:26Z,kalshi:KXGOLDMON-26JUL3117-T3791.99:BUY YES|polymarket:2677839:BUY YES,cross-platform,0.0026,0.004,0.0014,15.0,0.04,2026-07-31T21:00:00Z,"BUY YES~Gold drops to $3,800 · XAUUSD · by Aug 1~polymarket;BUY YES~Gold settles ≥ $3,791 · XAUUSD · Jul 31~kalshi","BUY YES 'Will Gold (XAUUSD) hit (LOW) $3,800 in July?' @ 0.016 on polymarket + BUY YES 'Gold price on July 31, 2026 at 5:00 PM EDT? — above $3791.99' @ 0.980 on kalshi: costs $0.996 for a guaranteed $1 payout (YES on the first leg is forced whenever NO on the second loses)."
2026-07-23T00:58:49Z,kalshi:KXGOLDMON-26JUL3117-T4431.99:BUY NO|polymarket:2677833:BUY YES,cross-platform,0.003,0.005,0.002,37.3,0.11,2026-07-31T21:00:00Z,"BUY YES~Gold hits $4,400 · XAUUSD · by Aug 1~polymarket;BUY NO~Gold settles ≥ $4,431 · XAUUSD · Jul 31~kalshi","BUY YES 'Will Gold (XAUUSD) hit (HIGH) $4,400 in July?' @ 0.025 on polymarket + BUY NO 'Gold price on July 31, 2026 at 5:00 PM EDT? — Above $4431.99' @ 0.970 on kalshi: costs $0.995 for a guaranteed $1 payout (YES on the first leg is forced whenever NO on the second loses)."
2026-07-23T04:16:40Z,kalshi:KXGOLDMON-26JUL3117-T4591.99:BUY NO|polymarket:2677832:BUY YES,cross-platform,0.009,0.011,0.002,20.0,0.18,2026-07-31T21:00:00Z,"BUY YES~Gold hits $4,500 · XAUUSD · by Aug 1~polymarket;BUY NO~Gold settles ≥ $4,591 · XAUUSD · Jul 31~kalshi","BUY YES 'Will Gold (XAUUSD) hit (HIGH) $4,500 in July?' @ 0.019 on polymarket + BUY NO 'Gold price on July 31, 2026 at 5:00 PM EDT? — Above $4591.99' @ 0.970 on kalshi: costs $0.989 for a guaranteed $1 payout (YES on the first leg is forced whenever NO on the second loses)."
2026-07-23T04:16:40Z,kalshi:KXGOLDMON-26JUL3117-T4551.99:BUY NO|polymarket:2677832:BUY YES,cross-platform,0.009,0.011,0.002,20.0,0.18,2026-07-31T21:00:00Z,"BUY YES~Gold hits $4,500 · XAUUSD · by Aug 1~polymarket;BUY NO~Gold settles ≥ $4,551 · XAUUSD · Jul 31~kalshi","BUY YES 'Will Gold (XAUUSD) hit (HIGH) $4,500 in July?' @ 0.019 on polymarket + BUY NO 'Gold price on July 31, 2026 at 5:00 PM EDT? — Above $4551.99' @ 0.970 on kalshi: costs $0.989 for a guaranteed $1 payout (YES on the first leg is forced whenever NO on the second loses)."
2026-07-23T04:16:40Z,kalshi:KXGOLDMON-26JUL3117-T4591.99:BUY NO|polymarket:2677833:BUY YES,cross-platform,0.003,0.005,0.002,37.3,0.11,2026-07-31T21:00:00Z,"BUY YES~Gold hits $4,400 · XAUUSD · by Aug 1~polymarket;BUY NO~Gold settles ≥ $4,591 · XAUUSD · Jul 31~kalshi","BUY YES 'Will Gold (XAUUSD) hit (HIGH) $4,400 in July?' @ 0.025 on polymarket + BUY NO 'Gold price on July 31, 2026 at 5:00 PM EDT? — Above $4591.99' @ 0.970 on kalshi: costs $0.995 for a guaranteed $1 payout (YES on the first leg is forced whenever NO on the second loses)."
2026-07-23T04:16:40Z,kalshi:KXGOLDMON-26JUL3117-T4551.99:BUY NO|polymarket:2677833:BUY YES,cross-platform,0.003,0.005,0.002,37.3,0.11,2026-07-31T21:00:00Z,"BUY YES~Gold hits $4,400 · XAUUSD · by Aug 1~polymarket;BUY NO~Gold settles ≥ $4,551 · XAUUSD · Jul 31~kalshi","BUY YES 'Will Gold (XAUUSD) hit (HIGH) $4,400 in July?' @ 0.025 on polymarket + BUY NO 'Gold price on July 31, 2026 at 5:00 PM EDT? — Above $4551.99' @ 0.970 on kalshi: costs $0.995 for a guaranteed $1 payout (YES on the first leg is forced whenever NO on the second loses)."
2026-07-23T04:16:40Z,kalshi:KXGOLDMON-26JUL3117-T4471.99:BUY NO|polymarket:2677833:BUY YES,cross-platform,0.003,0.005,0.002,37.3,0.11,2026-07-31T21:00:00Z,"BUY YES~Gold hits $4,400 · XAUUSD · by Aug 1~polymarket;BUY NO~Gold settles ≥ $4,471 · XAUUSD · Jul 31~kalshi","BUY YES 'Will Gold (XAUUSD) hit (HIGH) $4,400 in July?' @ 0.025 on polymarket + BUY NO 'Gold price on July 31, 2026 at 5:00 PM EDT? — Above $4471.99' @ 0.970 on kalshi: costs $0.995 for a guaranteed $1 payout (YES on the first leg is forced whenever NO on the second loses)."
2026-07-23T04:16:40Z,kalshi:KXGOLDMON-26JUL3117-T4511.99:BUY NO|polymarket:2677832:BUY YES,cross-platform,0.009,0.011,0.002,0.0,0.0,2026-07-31T21:00:00Z,"BUY YES~Gold hits $4,500 · XAUUSD · by Aug 1~polymarket;BUY NO~Gold settles ≥ $4,511 · XAUUSD · Jul 31~kalshi","BUY YES 'Will Gold (XAUUSD) hit (HIGH) $4,500 in July?' @ 0.019 on polymarket + BUY NO 'Gold price on July 31, 2026 at 5:00 PM EDT? — Above $4511.99' @ 0.970 on kalshi: costs $0.989 for a guaranteed $1 payout (YES on the first leg is forced whenever NO on the second loses)."
2026-07-23T04:16:40Z,kalshi:KXGOLDMON-26JUL3117-T4511.99:BUY NO|polymarket:2677833:BUY YES,cross-platform,0.003,0.005,0.002,0.0,0.0,2026-07-31T21:00:00Z,"BUY YES~Gold hits $4,400 · XAUUSD · by Aug 1~polymarket;BUY NO~Gold settles ≥ $4,511 · XAUUSD · Jul 31~kalshi","BUY YES 'Will Gold (XAUUSD) hit (HIGH) $4,400 in July?' @ 0.025 on polymarket + BUY NO 'Gold price on July 31, 2026 at 5:00 PM EDT? — Above $4511.99' @ 0.970 on kalshi: costs $0.995 for a guaranteed $1 payout (YES on the first leg is forced whenever NO on the second loses)."
2026-07-23T09:54:16Z,kalshi:KXGOLDMON-26JUL3117-T4631.99:BUY NO|polymarket:2677831:BUY YES,cross-platform,0.0096,0.011,0.0014,1.0,0.01,2026-07-31T21:00:00Z,"BUY YES~Gold hits $4,600 · XAUUSD · by Aug 1~polymarket;BUY NO~Gold settles ≥ $4,631 · XAUUSD · Jul 31~kalshi","BUY YES 'Will Gold (XAUUSD) hit (HIGH) $4,600 in July?' @ 0.009 on polymarket + BUY NO 'Gold price on July 31, 2026 at 5:00 PM EDT? — Above $4631.99' @ 0.980 on kalshi: costs $0.989 for a guaranteed $1 payout (YES on the first leg is forced whenever NO on the second loses)."
2026-07-23T09:54:16Z,kalshi:KXGOLDMON-26JUL3117-T4431.99:BUY NO|polymarket:2677833:BUY YES,cross-platform,0.0197,0.023,0.0033,0.02,0.0,2026-07-31T21:00:00Z,"BUY YES~Gold hits $4,400 · XAUUSD · by Aug 1~polymarket;BUY NO~Gold settles ≥ $4,431 · XAUUSD · Jul 31~kalshi","BUY YES 'Will Gold (XAUUSD) hit (HIGH) $4,400 in July?' @ 0.027 on polymarket + BUY NO 'Gold price on July 31, 2026 at 5:00 PM EDT? — Above $4431.99' @ 0.950 on kalshi: costs $0.977 for a guaranteed $1 payout (YES on the first leg is forced whenever NO on the second loses)."
2026-07-23T09:54:16Z,kalshi:KXGOLDMON-26JUL3117-T4471.99:BUY NO|polymarket:2677833:BUY YES,cross-platform,0.0103,0.013,0.0027,0.02,0.0,2026-07-31T21:00:00Z,"BUY YES~Gold hits $4,400 · XAUUSD · by Aug 1~polymarket;BUY NO~Gold settles ≥ $4,471 · XAUUSD · Jul 31~kalshi","BUY YES 'Will Gold (XAUUSD) hit (HIGH) $4,400 in July?' @ 0.027 on polymarket + BUY NO 'Gold price on July 31, 2026 at 5:00 PM EDT? — Above $4471.99' @ 0.960 on kalshi: costs $0.987 for a guaranteed $1 payout (YES on the first leg is forced whenever NO on the second loses)."
2026-07-23T09:54:16Z,kalshi:KXGOLDMON-26JUL3117-T4551.99:BUY NO|polymarket:2677833:BUY YES,cross-platform,0.0103,0.013,0.0027,0.02,0.0,2026-07-31T21:00:00Z,"BUY YES~Gold hits $4,400 · XAUUSD · by Aug 1~polymarket;BUY NO~Gold settles ≥ $4,551 · XAUUSD · Jul 31~kalshi","BUY YES 'Will Gold (XAUUSD) hit (HIGH) $4,400 in July?' @ 0.027 on polymarket + BUY NO 'Gold price on July 31, 2026 at 5:00 PM EDT? — Above $4551.99' @ 0.960 on kalshi: costs $0.987 for a guaranteed $1 payout (YES on the first leg is forced whenever NO on the second loses)."
2026-07-23T09:54:16Z,kalshi:KXGOLDMON-26JUL3117-T4591.99:BUY NO|polymarket:2677833:BUY YES,cross-platform,0.0103,0.013,0.0027,0.02,0.0,2026-07-31T21:00:00Z,"BUY YES~Gold hits $4,400 · XAUUSD · by Aug 1~polymarket;BUY NO~Gold settles ≥ $4,591 · XAUUSD · Jul 31~kalshi","BUY YES 'Will Gold (XAUUSD) hit (HIGH) $4,400 in July?' @ 0.027 on polymarket + BUY NO 'Gold price on July 31, 2026 at 5:00 PM EDT? — Above $4591.99' @ 0.960 on kalshi: costs $0.987 for a guaranteed $1 payout (YES on the first leg is forced whenever NO on the second loses)."
2026-07-23T09:54:16Z,kalshi:KXGOLDMON-26JUL3117-T4511.99:BUY NO|polymarket:2677833:BUY YES,cross-platform,0.001,0.003,0.002,0.02,0.0,2026-07-31T21:00:00Z,"BUY YES~Gold hits $4,400 · XAUUSD · by Aug 1~polymarket;BUY NO~Gold settles ≥ $4,511 · XAUUSD · Jul 31~kalshi","BUY YES 'Will Gold (XAUUSD) hit (HIGH) $4,400 in July?' @ 0.027 on polymarket + BUY NO 'Gold price on July 31, 2026 at 5:00 PM EDT? — Above $4511.99' @ 0.970 on kalshi: costs $0.997 for a guaranteed $1 payout (YES on the first leg is forced whenever NO on the second loses)."
2026-07-23T09:54:16Z,kalshi:KXGOLDMON-26JUL3117-T4631.99:BUY NO|polymarket:2677832:BUY YES,cross-platform,0.0006,0.002,0.0014,1.0,0.0,2026-07-31T21:00:00Z,"BUY YES~Gold hits $4,500 · XAUUSD · by Aug 1~polymarket;BUY NO~Gold settles ≥ $4,631 · XAUUSD · Jul 31~kalshi","BUY YES 'Will Gold (XAUUSD) hit (HIGH) $4,500 in July?' @ 0.018 on polymarket + BUY NO 'Gold price on July 31, 2026 at 5:00 PM EDT? — Above $4631.99' @ 0.980 on kalshi: costs $0.998 for a guaranteed $1 payout (YES on the first leg is forced whenever NO on the second loses)."
2026-07-23T13:39:52Z,kalshi:KXGOLDMON-26JUL3117-T4351.99:BUY NO|polymarket:2677834:BUY YES,cross-platform,0.0174,0.022,0.0046,10.0,0.17,2026-07-31T21:00:00Z,"BUY YES~Gold hits $4,300 · XAUUSD · by Aug 1~polymarket;BUY NO~Gold settles ≥ $4,351 · XAUUSD · Jul 31~kalshi","BUY YES 'Will Gold (XAUUSD) hit (HIGH) $4,300 in July?' @ 0.048 on polymarket + BUY NO 'Gold price on July 31, 2026 at 5:00 PM EDT? — Above $4351.99' @ 0.930 on kalshi: costs $0.978 for a guaranteed $1 payout (YES on the first leg is forced whenever NO on the second loses)."
2026-07-23T13:39:52Z,kalshi:KXGOLDMON-26JUL3117-T4631.99:BUY NO|polymarket:2677831:BUY YES,cross-platform,0.0136,0.015,0.0014,10.0,0.14,2026-07-31T21:00:00Z,"BUY YES~Gold hits $4,600 · XAUUSD · by Aug 1~polymarket;BUY NO~Gold settles ≥ $4,631 · XAUUSD · Jul 31~kalshi","BUY YES 'Will Gold (XAUUSD) hit (HIGH) $4,600 in July?' @ 0.005 on polymarket + BUY NO 'Gold price on July 31, 2026 at 5:00 PM EDT? — Above $4631.99' @ 0.980 on kalshi: costs $0.985 for a guaranteed $1 payout (YES on the first leg is forced whenever NO on the second loses)."
2026-07-23T13:39:52Z,kalshi:KXGOLDMON-26JUL3117-T4391.99:BUY NO|polymarket:2677834:BUY YES,cross-platform,0.0081,0.012,0.0039,10.0,0.08,2026-07-31T21:00:00Z,"BUY YES~Gold hits $4,300 · XAUUSD · by Aug 1~polymarket;BUY NO~Gold settles ≥ $4,391 · XAUUSD · Jul 31~kalshi","BUY YES 'Will Gold (XAUUSD) hit (HIGH) $4,300 in July?' @ 0.048 on polymarket + BUY NO 'Gold price on July 31, 2026 at 5:00 PM EDT? — Above $4391.99' @ 0.940 on kalshi: costs $0.988 for a guaranteed $1 payout (YES on the first leg is forced whenever NO on the second loses)."
2026-07-23T13:39:52Z,kalshi:KXGOLDMON-26JUL3117-T4311.99:BUY NO|polymarket:2677834:BUY YES,cross-platform,0.0268,0.032,0.0052,1.0,0.03,2026-07-31T21:00:00Z,"BUY YES~Gold hits $4,300 · XAUUSD · by Aug 1~polymarket;BUY NO~Gold settles ≥ $4,311 · XAUUSD · Jul 31~kalshi","BUY YES 'Will Gold (XAUUSD) hit (HIGH) $4,300 in July?' @ 0.048 on polymarket + BUY NO 'Gold price on July 31, 2026 at 5:00 PM EDT? — Above $4311.99' @ 0.920 on kalshi: costs $0.968 for a guaranteed $1 payout (YES on the first leg is forced whenever NO on the second loses)."
2026-07-23T13:39:52Z,kalshi:KXGOLDMON-26JUL3117-T4631.99:BUY NO|polymarket:2677832:BUY YES,cross-platform,0.0026,0.004,0.0014,10.0,0.03,2026-07-31T21:00:00Z,"BUY YES~Gold hits $4,500 · XAUUSD · by Aug 1~polymarket;BUY NO~Gold settles ≥ $4,631 · XAUUSD · Jul 31~kalshi","BUY YES 'Will Gold (XAUUSD) hit (HIGH) $4,500 in July?' @ 0.016 on polymarket + BUY NO 'Gold price on July 31, 2026 at 5:00 PM EDT? — Above $4631.99' @ 0.980 on kalshi: costs $0.996 for a guaranteed $1 payout (YES on the first leg is forced whenever NO on the second loses)."
2026-07-23T13:39:52Z,kalshi:KXGOLDMON-26JUL3117-T4591.99:BUY NO|polymarket:2677832:BUY YES,cross-platform,0.0026,0.004,0.0014,10.0,0.03,2026-07-31T21:00:00Z,"BUY YES~Gold hits $4,500 · XAUUSD · by Aug 1~polymarket;BUY NO~Gold settles ≥ $4,591 · XAUUSD · Jul 31~kalshi","BUY YES 'Will Gold (XAUUSD) hit (HIGH) $4,500 in July?' @ 0.016 on polymarket + BUY NO 'Gold price on July 31, 2026 at 5:00 PM EDT? — Above $4591.99' @ 0.980 on kalshi: costs $0.996 for a guaranteed $1 payout (YES on the first leg is forced whenever NO on the second loses)."
2026-07-23T13:39:52Z,kalshi:KXGOLDMON-26JUL3117-T4431.99:BUY NO|polymarket:2677834:BUY YES,cross-platform,0.0174,0.022,0.0046,1.0,0.02,2026-07-31T21:00:00Z,"BUY YES~Gold hits $4,300 · XAUUSD · by Aug 1~polymarket;BUY NO~Gold settles ≥ $4,431 · XAUUSD · Jul 31~kalshi","BUY YES 'Will Gold (XAUUSD) hit (HIGH) $4,300 in July?' @ 0.048 on polymarket + BUY NO 'Gold price on July 31, 2026 at 5:00 PM EDT? — Above $4431.99' @ 0.930 on kalshi: costs $0.978 for a guaranteed $1 payout (YES on the first leg is forced whenever NO on the second loses)."
2026-07-24T15:52:22Z,kalshi:KXGOLDMON-26JUL3117-T3791.99:BUY YES|polymarket:2677839:BUY YES,cross-platform,0.0207,0.024,0.0033,5.0,0.1,2026-07-31T21:00:00Z,"BUY YES~Gold drops to $3,800 · XAUUSD · by Aug 1~polymarket;BUY YES~Gold settles ≥ $3,791 · XAUUSD · Jul 31~kalshi","BUY YES 'Will Gold (XAUUSD) hit (LOW) $3,800 in July?' @ 0.026 on polymarket + BUY YES 'Gold price on July 31, 2026 at 5:00 PM EDT? — Above $3791.99' @ 0.950 on kalshi: costs $0.976 for a guaranteed $1 payout (YES on the first leg is forced whenever NO on the second loses)."
2026-07-25T02:47:14Z,polymarket:2677839:BUY YES|polymarket:3091742:BUY NO,cross-event,0.002,0.002,0.0,22.16,0.04,2026-07-31T21:00:00Z,"BUY YES~Gold drops to $3,800 · XAUUSD · by Aug 1~polymarket;BUY NO~Gold drops to $3,750 · XAUUSD · by Jul 31~polymarket","BUY YES 'Will Gold (XAUUSD) hit (LOW) $3,800 in July?' @ 0.028 on polymarket + BUY NO 'Will Gold (XAUUSD) hit (LOW) $3,750 Week of July 27 2026?' @ 0.970 on polymarket: costs $0.998 for a guaranteed $1 payout (YES on the first leg is forced whenever NO on the second loses)."
2026-07-25T18:57:32Z,polymarket:2677833:BUY YES|polymarket:3091729:BUY NO,cross-event,0.009,0.009,0.0,5.0,0.04,2026-07-31T21:00:00Z,"BUY YES~Gold hits $4,400 · XAUUSD · by Aug 1~polymarket;BUY NO~Gold hits $4,400 · XAUUSD · by Jul 31~polymarket","BUY YES 'Will Gold (XAUUSD) hit (HIGH) $4,400 in July?' @ 0.011 on polymarket + BUY NO 'Will Gold (XAUUSD) hit (HIGH) $4,400 Week of July 27 2026?' @ 0.980 on polymarket: costs $0.991 for a guaranteed $1 payout (YES on the first leg is forced whenever NO on the second loses)."
2026-07-25T22:24:57Z,kalshi:KXGOLDMON-26JUL3117-T4351.99:BUY NO|polymarket:2677834:BUY YES,cross-platform,0.0013,0.004,0.0027,57.04,0.07,2026-07-31T21:00:00Z,"BUY YES~Gold hits $4,300 · XAUUSD · by Aug 1~polymarket;BUY NO~Gold settles ≥ $4,351 · XAUUSD · Jul 31~kalshi","BUY YES 'Will Gold (XAUUSD) hit (HIGH) $4,300 in July?' @ 0.036 on polymarket + BUY NO 'Gold price on July 31, 2026 at 5:00 PM EDT? — Above $4351.99' @ 0.960 on kalshi: costs $0.996 for a guaranteed $1 payout (YES on the first leg is forced whenever NO on the second loses)."
2026-07-25T22:24:57Z,polymarket:2677833:BUY YES|polymarket:3091729:BUY NO,cross-event,0.009,0.009,0.0,5.1,0.05,2026-07-31T21:00:00Z,"BUY YES~Gold hits $4,400 · XAUUSD · by Aug 1~polymarket;BUY NO~Gold hits $4,400 · XAUUSD · by Jul 31~polymarket","BUY YES 'Will Gold (XAUUSD) hit (HIGH) $4,400 in July?' @ 0.011 on polymarket + BUY NO 'Will Gold (XAUUSD) hit (HIGH) $4,400 Week of July 27 2026?' @ 0.980 on polymarket: costs $0.991 for a guaranteed $1 payout (YES on the first leg is forced whenever NO on the second loses)."
2026-07-26T09:53:20Z,polymarket:2677833:BUY YES|polymarket:3091729:BUY NO,cross-event,0.005,0.005,0.0,22.01,0.11,2026-07-31T21:00:00Z,"BUY YES~Gold hits $4,400 · XAUUSD · by Aug 1~polymarket;BUY NO~Gold hits $4,400 · XAUUSD · by Jul 31~polymarket","BUY YES 'Will Gold (XAUUSD) hit (HIGH) $4,400 in July?' @ 0.015 on polymarket + BUY NO 'Will Gold (XAUUSD) hit (HIGH) $4,400 Week of July 27 2026?' @ 0.980 on polymarket: costs $0.995 for a guaranteed $1 payout (YES on the first leg is forced whenever NO on the second loses)."
2026-07-26T20:28:28Z,polymarket:2677833:BUY YES|polymarket:3091729:BUY NO,cross-event,0.001,0.001,0.0,8.25,0.01,2026-07-31T21:00:00Z,"BUY YES~Gold hits $4,400 · XAUUSD · by Aug 1~polymarket;BUY NO~Gold hits $4,400 · XAUUSD · by Jul 31~polymarket","BUY YES 'Will Gold (XAUUSD) hit (HIGH) $4,400 in July?' @ 0.019 on polymarket + BUY NO 'Will Gold (XAUUSD) hit (HIGH) $4,400 Week of July 27 2026?' @ 0.980 on polymarket: costs $0.999 for a guaranteed $1 payout (YES on the first leg is forced whenever NO on the second loses)."
2026-07-26T22:29:50Z,polymarket:2677839:BUY YES|polymarket:3091741:BUY NO,cross-event,0.02,0.02,0.0,75.0,1.5,2026-07-31T21:00:00Z,"BUY YES~Gold drops to $3,800 · XAUUSD · by Aug 1~polymarket;BUY NO~Gold drops to $3,800 · XAUUSD · by Jul 31~polymarket","BUY YES 'Will Gold (XAUUSD) hit (LOW) $3,800 in July?' @ 0.023 on polymarket + BUY NO 'Will Gold (XAUUSD) hit (LOW) $3,800 Week of July 27 2026?' @ 0.957 on polymarket: costs $0.980 for a guaranteed $1 payout (YES on the first leg is forced whenever NO on the second loses)."
2026-07-26T22:29:50Z,polymarket:2677833:BUY YES|polymarket:3091729:BUY NO,cross-event,0.001,0.001,0.0,20.0,0.02,2026-07-31T21:00:00Z,"BUY YES~Gold hits $4,400 · XAUUSD · by Aug 1~polymarket;BUY NO~Gold hits $4,400 · XAUUSD · by Jul 31~polymarket","BUY YES 'Will Gold (XAUUSD) hit (HIGH) $4,400 in July?' @ 0.019 on polymarket + BUY NO 'Will Gold (XAUUSD) hit (HIGH) $4,400 Week of July 27 2026?' @ 0.980 on polymarket: costs $0.999 for a guaranteed $1 payout (YES on the first leg is forced whenever NO on the second loses)."
2026-07-27T02:12:51Z,polymarket:2677839:BUY YES|polymarket:3091741:BUY NO,cross-event,0.008,0.008,0.0,22.89,0.18,2026-07-31T21:00:00Z,"BUY YES~Gold drops to $3,800 · XAUUSD · by Aug 1~polymarket;BUY NO~Gold drops to $3,800 · XAUUSD · by Jul 31~polymarket","BUY YES 'Will Gold (XAUUSD) hit (LOW) $3,800 in July?' @ 0.021 on polymarket + BUY NO 'Will Gold (XAUUSD) hit (LOW) $3,800 Week of July 27 2026?' @ 0.971 on polymarket: costs $0.992 for a guaranteed $1 payout (YES on the first leg is forced whenever NO on the second loses)."
2026-07-27T06:03:07Z,polymarket:2677839:BUY YES|polymarket:3091742:BUY NO,cross-event,0.002,0.002,0.0,100.0,0.2,2026-07-31T21:00:00Z,"BUY YES~Gold drops to $3,800 · XAUUSD · by Aug 1~polymarket;BUY NO~Gold drops to $3,750 · XAUUSD · by Jul 31~polymarket","BUY YES 'Will Gold (XAUUSD) hit (LOW) $3,800 in July?' @ 0.026 on polymarket + BUY NO 'Will Gold (XAUUSD) hit (LOW) $3,750 Week of July 27 2026?' @ 0.972 on polymarket: costs $0.998 for a guaranteed $1 payout (YES on the first leg is forced whenever NO on the second loses)."
2026-07-28T11:33:14Z,polymarket:2677834:BUY YES|polymarket:3091731:BUY NO,cross-event,0.042,0.042,0.0,19.99,0.84,2026-07-31T21:00:00Z,"BUY YES~Gold hits $4,300 · XAUUSD · by Aug 1~polymarket;BUY NO~Gold hits $4,300 · XAUUSD · by Jul 31~polymarket","BUY YES 'Will Gold (XAUUSD) hit (HIGH) $4,300 in July?' @ 0.017 on polymarket + BUY NO 'Will Gold (XAUUSD) hit (HIGH) $4,300 Week of July 27 2026?' @ 0.941 on polymarket: costs $0.958 for a guaranteed $1 payout (YES on the first leg is forced whenever NO on the second loses)."
2026-07-28T11:33:14Z,kalshi:KXGOLDMON-26JUL3117-T4311.99:BUY NO|polymarket:2677834:BUY YES,cross-platform,0.0016,0.003,0.0014,19.99,0.03,2026-07-31T21:00:00Z,"BUY YES~Gold hits $4,300 · XAUUSD · by Aug 1~polymarket;BUY NO~Gold settles ≥ $4,311 · XAUUSD · Jul 31~kalshi","BUY YES 'Will Gold (XAUUSD) hit (HIGH) $4,300 in July?' @ 0.017 on polymarket + BUY NO 'Gold price on July 31, 2026 at 5:00 PM EDT? — Above $4311.99' @ 0.980 on kalshi: costs $0.997 for a guaranteed $1 payout (YES on the first leg is forced whenever NO on the second loses)."
2026-07-28T19:13:10Z,kalshi:KXGOLDMON-26JUL3117-T4311.99:BUY NO|polymarket:2677834:BUY YES,cross-platform,0.0006,0.002,0.0014,5.0,0.0,2026-07-31T21:00:00Z,"BUY YES~Gold hits $4,300 · XAUUSD · by Aug 1~polymarket;BUY NO~Gold settles ≥ $4,311 · XAUUSD · Jul 31~kalshi","BUY YES 'Will Gold (XAUUSD) hit (HIGH) $4,300 in July?' @ 0.018 on polymarket + BUY NO 'Gold price on July 31, 2026 at 5:00 PM EDT? — Above $4311.99' @ 0.980 on kalshi: costs $0.998 for a guaranteed $1 payout (YES on the first leg is forced whenever NO on the second loses)."
2026-07-28T22:55:39Z,kalshi:KXGOLDMON-26JUL3117-T3791.99:BUY YES|polymarket:2677839:BUY YES,cross-platform,0.0016,0.003,0.0014,500.0,0.8,2026-07-31T21:00:00Z,"BUY YES~Gold drops to $3,800 · XAUUSD · by Aug 1~polymarket;BUY YES~Gold settles ≥ $3,791 · XAUUSD · Jul 31~kalshi","BUY YES 'Will Gold (XAUUSD) hit (LOW) $3,800 in July?' @ 0.017 on polymarket + BUY YES 'Gold price on July 31, 2026 at 5:00 PM EDT? — Above $3791.99' @ 0.980 on kalshi: costs $0.997 for a guaranteed $1 payout (YES on the first leg is forced whenever NO on the second loses)."
2026-07-29T05:20:45Z,kalshi:KXGOLDMON-26JUL3117-T4311.99:BUY NO|polymarket:2677834:BUY YES,cross-platform,0.0076,0.009,0.0014,100.99,0.77,2026-07-31T21:00:00Z,"BUY YES~Gold hits $4,300 · XAUUSD · by Aug 1~polymarket;BUY NO~Gold settles ≥ $4,311 · XAUUSD · Jul 31~kalshi","BUY YES 'Will Gold (XAUUSD) hit (HIGH) $4,300 in July?' @ 0.011 on polymarket + BUY NO 'Gold price on July 31, 2026 at 5:00 PM EDT? — Above $4311.99' @ 0.980 on kalshi: costs $0.991 for a guaranteed $1 payout (YES on the first leg is forced whenever NO on the second loses)."
2026-07-29T11:01:01Z,kalshi:KXGOLDMON-26JUL3117-T4311.99:BUY NO|polymarket:2677834:BUY YES,cross-platform,0.0046,0.006,0.0014,100.99,0.46,2026-07-31T21:00:00Z,"BUY YES~Gold hits $4,300 · XAUUSD · by Aug 1~polymarket;BUY NO~Gold settles ≥ $4,311 · XAUUSD · Jul 31~kalshi","BUY YES 'Will Gold (XAUUSD) hit (HIGH) $4,300 in July?' @ 0.014 on polymarket + BUY NO 'Gold price on July 31, 2026 at 5:00 PM EDT? — Above $4311.99' @ 0.980 on kalshi: costs $0.994 for a guaranteed $1 payout (YES on the first leg is forced whenever NO on the second loses)."
2026-07-29T15:26:48Z,kalshi:KXGOLDMON-26JUL3117-T4311.99:BUY NO|polymarket:3091731:BUY YES,cross-platform,0.0036,0.005,0.0014,100.99,0.36,2026-07-31T21:00:00Z,"BUY YES~Gold hits $4,300 · XAUUSD · by Jul 31~polymarket;BUY NO~Gold settles ≥ $4,311 · XAUUSD · Jul 31~kalshi","BUY YES 'Will Gold (XAUUSD) hit (HIGH) $4,300 Week of July 27 2026?' @ 0.015 on polymarket + BUY NO 'Gold price on July 31, 2026 at 5:00 PM EDT? — Above $4311.99' @ 0.980 on kalshi: costs $0.995 for a guaranteed $1 payout (YES on the first leg is forced whenever NO on the second loses)."
2026-07-29T15:26:48Z,polymarket:3091737:BUY NO|polymarket:3096364:BUY YES,cross-event,0.019,0.019,0.0,15.62,0.3,2026-07-31T21:00:00Z,"BUY YES~Gold drops to $4,000 · XAUUSD · by Sep 1~polymarket;BUY NO~Gold drops to $4,000 · XAUUSD · by Jul 31~polymarket","BUY YES 'Will Gold (XAUUSD) hit (LOW) $4,000 in August?' @ 0.980 on polymarket + BUY NO 'Will Gold (XAUUSD) hit (LOW) $4,000 Week of July 27 2026?' @ 0.001 on polymarket: costs $0.981 for a guaranteed $1 payout (YES on the first leg is forced whenever NO on the second loses)."
2026-07-29T15:26:48Z,kalshi:KXGOLDMON-26JUL3117-T4311.99:BUY NO|polymarket:3091732:BUY YES,cross-platform,0.0056,0.007,0.0014,26.0,0.15,2026-07-31T21:00:00Z,"BUY YES~Gold hits $4,250 · XAUUSD · by Jul 31~polymarket;BUY NO~Gold settles ≥ $4,311 · XAUUSD · Jul 31~kalshi","BUY YES 'Will Gold (XAUUSD) hit (HIGH) $4,250 Week of July 27 2026?' @ 0.013 on polymarket + BUY NO 'Gold price on July 31, 2026 at 5:00 PM EDT? — Above $4311.99' @ 0.980 on kalshi: costs $0.993 for a guaranteed $1 payout (YES on the first leg is forced whenever NO on the second loses)."
2026-07-29T15:26:48Z,polymarket:2677834:BUY YES|polymarket:3091731:BUY NO,cross-event,0.002,0.002,0.0,15.0,0.03,2026-07-31T21:00:00Z,"BUY YES~Gold hits $4,300 · XAUUSD · by Aug 1~polymarket;BUY NO~Gold hits $4,300 · XAUUSD · by Jul 31~polymarket","BUY YES 'Will Gold (XAUUSD) hit (HIGH) $4,300 in July?' @ 0.008 on polymarket + BUY NO 'Will Gold (XAUUSD) hit (HIGH) $4,300 Week of July 27 2026?' @ 0.990 on polymarket: costs $0.998 for a guaranteed $1 payout (YES on the first leg is forced whenever NO on the second loses)."
2026-07-29T23:55:53Z,polymarket:2677834:BUY YES|polymarket:3091731:BUY NO,cross-event,0.001,0.001,0.0,15.0,0.01,2026-07-31T21:00:00Z,"BUY YES~Gold hits $4,300 · XAUUSD · by Aug 1~polymarket;BUY NO~Gold hits $4,300 · XAUUSD · by Jul 31~polymarket","BUY YES 'Will Gold (XAUUSD) hit (HIGH) $4,300 in July?' @ 0.009 on polymarket + BUY NO 'Will Gold (XAUUSD) hit (HIGH) $4,300 Week of July 27 2026?' @ 0.990 on polymarket: costs $0.999 for a guaranteed $1 payout (YES on the first leg is forced whenever NO on the second loses)."
2026-08-03T20:42:06Z,polymarket:3248880:BUY NO|polymarket:3248881:BUY YES,ladder,0.003,0.003,0.0,5.67,0.02,2026-08-07T21:00:00Z,"BUY YES~Gold hits $4,300 · XAUUSD · by Aug 7~polymarket;BUY NO~Gold hits $4,350 · XAUUSD · by Aug 7~polymarket","BUY YES 'Will Gold (XAUUSD) hit (HIGH) $4,300 Week of August 3 2026?' @ 0.010 on polymarket + BUY NO 'Will Gold (XAUUSD) hit (HIGH) $4,350 Week of August 3 2026?' @ 0.987 on polymarket: costs $0.997 for a guaranteed $1 payout (YES on the first leg is forced whenever NO on the second loses)."
2026-08-05T08:24:04Z,kalshi:KXGOLDMON-26AUG3117-T3771.99:BUY YES|polymarket:3096366:BUY YES,cross-platform,0.0143,0.02,0.0057,1.0,0.01,2026-08-31T21:00:00Z,"BUY YES~Gold drops to $3,800 · XAUUSD · by Sep 1~polymarket;BUY YES~Gold settles ≥ $3,771 · XAUUSD · Aug 31~kalshi","BUY YES 'Will Gold (XAUUSD) hit (LOW) $3,800 in August?' @ 0.070 on polymarket + BUY YES 'Gold price on August 31, 2026 at 5:00 PM EDT? — Above $3771.99' @ 0.910 on kalshi: costs $0.980 for a guaranteed $1 payout (YES on the first leg is forced whenever NO on the second loses)."
2026-08-05T15:10:01Z,kalshi:KXGOLDMON-26AUG3117-T4731.99:BUY NO|polymarket:3096357:BUY YES,cross-platform,0.003,0.005,0.002,30.0,0.09,2026-08-31T21:00:00Z,"BUY YES~Gold hits $4,700 · XAUUSD · by Sep 1~polymarket;BUY NO~Gold settles ≥ $4,731 · XAUUSD · Aug 31~kalshi","BUY YES 'Will Gold (XAUUSD) hit (HIGH) $4,700 in August?' @ 0.025 on polymarket + BUY NO 'Gold price on August 31, 2026 at 5:00 PM EDT? — Above $4731.99' @ 0.970 on kalshi: costs $0.995 for a guaranteed $1 payout (YES on the first leg is forced whenever NO on the second loses)."
2026-08-06T01:54:36Z,polymarket:3248888:BUY YES|polymarket:3248889:BUY NO,ladder,0.001,0.001,0.0,99.99,0.1,2026-08-07T21:00:00Z,"BUY YES~Gold drops to $3,950 · XAUUSD · by Aug 7~polymarket;BUY NO~Gold drops to $3,900 · XAUUSD · by Aug 7~polymarket","BUY YES 'Will Gold (XAUUSD) hit (LOW) $3,950 Week of August 3 2026?' @ 0.007 on polymarket + BUY NO 'Will Gold (XAUUSD) hit (LOW) $3,900 Week of August 3 2026?' @ 0.992 on polymarket: costs $0.999 for a guaranteed $1 payout (YES on the first leg is forced whenever NO on the second loses)."
2026-08-09T05:42:17Z,polymarket:3096367:BUY YES|polymarket:3096368:BUY NO,ladder,0.001,0.001,0.0,7.98,0.01,2026-09-01T03:59:59Z,"BUY YES~Gold drops to $3,700 · XAUUSD · by Sep 1~polymarket;BUY NO~Gold drops to $3,600 · XAUUSD · by Sep 1~polymarket","BUY YES 'Will Gold (XAUUSD) hit (LOW) $3,700 in August?' @ 0.013 on polymarket + BUY NO 'Will Gold (XAUUSD) hit (LOW) $3,600 in August?' @ 0.986 on polymarket: costs $0.999 for a guaranteed $1 payout (YES on the first leg is forced whenever NO on the second loses)."
2026-08-12T18:25:05Z,polymarket:3096367:BUY YES|polymarket:3096368:BUY NO,ladder,0.002,0.002,0.0,100.0,0.2,2026-09-01T03:59:59Z,"BUY YES~Gold drops to $3,700 · XAUUSD · by Sep 1~polymarket;BUY NO~Gold drops to $3,600 · XAUUSD · by Sep 1~polymarket","BUY YES 'Will Gold (XAUUSD) hit (LOW) $3,700 in August?' @ 0.005 on polymarket + BUY NO 'Will Gold (XAUUSD) hit (LOW) $3,600 in August?' @ 0.993 on polymarket: costs $0.998 for a guaranteed $1 payout (YES on the first leg is forced whenever NO on the second loses)."
2026-08-12T18:25:05Z,polymarket:3096367:BUY YES|polymarket:3096369:BUY NO,ladder,0.001,0.001,0.0,18.6,0.02,2026-09-01T03:59:59Z,"BUY YES~Gold drops to $3,700 · XAUUSD · by Sep 1~polymarket;BUY NO~Gold drops to $3,500 · XAUUSD · by Sep 1~polymarket","BUY YES 'Will Gold (XAUUSD) hit (LOW) $3,700 in August?' @ 0.005 on polymarket + BUY NO 'Will Gold (XAUUSD) hit (LOW) $3,500 in August?' @ 0.994 on polymarket: costs $0.999 for a guaranteed $1 payout (YES on the first leg is forced whenever NO on the second loses)."
2026-08-17T11:48:05Z,kalshi:KXGOLDMON-26AUG3117-T4731.99:BUY NO|polymarket:3096357:BUY YES,cross-platform,0.0018,0.007,0.0052,60.0,0.11,2026-08-31T21:00:00Z,"BUY YES~Gold hits $4,700 · XAUUSD · by Sep 1~polymarket;BUY NO~Gold settles ≥ $4,731 · XAUUSD · Aug 31~kalshi","BUY YES 'Will Gold (XAUUSD) hit (HIGH) $4,700 in August?' @ 0.073 on polymarket + BUY NO 'Gold price on August 31, 2026 at 5:00 PM EDT? — Above $4731.99' @ 0.920 on kalshi: costs $0.993 for a guaranteed $1 payout (YES on the first leg is forced whenever NO on the second loses)."
2026-08-17T13:21:58Z,kalshi:KXGOLDMON-26AUG3117-T4771.99:BUY NO|polymarket:3096357:BUY YES,cross-platform,0.0067,0.01,0.0033,100.0,0.67,2026-08-31T21:00:00Z,"BUY YES~Gold hits $4,700 · XAUUSD · by Sep 1~polymarket;BUY NO~Gold settles ≥ $4,771 · XAUUSD · Aug 31~kalshi","BUY YES 'Will Gold (XAUUSD) hit (HIGH) $4,700 in August?' @ 0.040 on polymarket + BUY NO 'Gold price on August 31, 2026 at 5:00 PM EDT? — Above $4771.99' @ 0.950 on kalshi: costs $0.990 for a guaranteed $1 payout (YES on the first leg is forced whenever NO on the second loses)."
2026-08-17T15:18:27Z,kalshi:KXGOLDMON-26AUG3117-T4731.99:BUY NO|polymarket:3096357:BUY YES,cross-platform,0.0053,0.011,0.0057,47.0,0.25,2026-08-31T21:00:00Z,"BUY YES~Gold hits $4,700 · XAUUSD · by Sep 1~polymarket;BUY NO~Gold settles ≥ $4,731 · XAUUSD · Aug 31~kalshi","BUY YES 'Will Gold (XAUUSD) hit (HIGH) $4,700 in August?' @ 0.079 on polymarket + BUY NO 'Gold price on August 31, 2026 at 5:00 PM EDT? — Above $4731.99' @ 0.910 on kalshi: costs $0.989 for a guaranteed $1 payout (YES on the first leg is forced whenever NO on the second loses)."
2026-08-17T15:18:27Z,polymarket:3649428:BUY YES|polymarket:3649429:BUY NO,ladder,0.001,0.001,0.0,10.22,0.01,2026-08-21T21:00:00Z,"BUY YES~Gold drops to $4,150 · XAUUSD · by Aug 21~polymarket;BUY NO~Gold drops to $4,100 · XAUUSD · by Aug 21~polymarket","BUY YES 'Will Gold (XAUUSD) hit (LOW) $4,150 Week of August 17 2026?' @ 0.011 on polymarket + BUY NO 'Will Gold (XAUUSD) hit (LOW) $4,100 Week of August 17 2026?' @ 0.988 on polymarket: costs $0.999 for a guaranteed $1 payout (YES on the first leg is forced whenever NO on the second loses)."
2026-08-17T21:18:40Z,kalshi:KXGOLDMON-26AUG3117-T4731.99:BUY NO|polymarket:3096357:BUY YES,cross-platform,0.0043,0.01,0.0057,100.0,0.43,2026-08-31T21:00:00Z,"BUY YES~Gold hits $4,700 · XAUUSD · by Sep 1~polymarket;BUY NO~Gold settles ≥ $4,731 · XAUUSD · Aug 31~kalshi","BUY YES 'Will Gold (XAUUSD) hit (HIGH) $4,700 in August?' @ 0.080 on polymarket + BUY NO 'Gold price on August 31, 2026 at 5:00 PM EDT? — Above $4731.99' @ 0.910 on kalshi: costs $0.990 for a guaranteed $1 payout (YES on the first leg is forced whenever NO on the second loses)."
2026-08-17T22:16:30Z,polymarket:3649426:BUY YES|polymarket:3649427:BUY NO,ladder,0.009,0.009,0.0,36.01,0.32,2026-08-21T21:00:00Z,"BUY YES~Gold drops to $4,250 · XAUUSD · by Aug 21~polymarket;BUY NO~Gold drops to $4,200 · XAUUSD · by Aug 21~polymarket","BUY YES 'Will Gold (XAUUSD) hit (LOW) $4,250 Week of August 17 2026?' @ 0.011 on polymarket + BUY NO 'Will Gold (XAUUSD) hit (LOW) $4,200 Week of August 17 2026?' @ 0.980 on polymarket: costs $0.991 for a guaranteed $1 payout (YES on the first leg is forced whenever NO on the second loses)."
2026-08-17T23:15:57Z,kalshi:KXGOLDMON-26AUG3117-T4731.99:BUY NO|polymarket:3096357:BUY YES,cross-platform,0.0043,0.01,0.0057,100.0,0.43,2026-08-31T21:00:00Z,"BUY YES~Gold hits $4,700 · XAUUSD · by Sep 1~polymarket;BUY NO~Gold settles ≥ $4,731 · XAUUSD · Aug 31~kalshi","BUY YES 'Will Gold (XAUUSD) hit (HIGH) $4,700 in August?' @ 0.080 on polymarket + BUY NO 'Gold price on August 31, 2026 at 5:00 PM EDT? — Above $4731.99' @ 0.910 on kalshi: costs $0.990 for a guaranteed $1 payout (YES on the first leg is forced whenever NO on the second loses)."
2026-08-18T14:04:31Z,kalshi:KXGOLDMON-26AUG3117-T4731.99:BUY NO|polymarket:3096357:BUY YES,cross-platform,0.0071,0.011,0.0039,50.0,0.36,2026-08-31T21:00:00Z,"BUY YES~Gold hits $4,700 · XAUUSD · by Sep 1~polymarket;BUY NO~Gold settles ≥ $4,731 · XAUUSD · Aug 31~kalshi","BUY YES 'Will Gold (XAUUSD) hit (HIGH) $4,700 in August?' @ 0.049 on polymarket + BUY NO 'Gold price on August 31, 2026 at 5:00 PM EDT? — Above $4731.99' @ 0.940 on kalshi: costs $0.989 for a guaranteed $1 payout (YES on the first leg is forced whenever NO on the second loses)."
2026-08-20T18:27:47Z,polymarket:3649426:BUY YES|polymarket:3649427:BUY NO,ladder,0.002,0.002,0.0,40.51,0.08,2026-08-21T21:00:00Z,"BUY YES~Gold drops to $4,250 · XAUUSD · by Aug 21~polymarket;BUY NO~Gold drops to $4,200 · XAUUSD · by Aug 21~polymarket","BUY YES 'Will Gold (XAUUSD) hit (LOW) $4,250 Week of August 17 2026?' @ 0.008 on polymarket + BUY NO 'Will Gold (XAUUSD) hit (LOW) $4,200 Week of August 17 2026?' @ 0.990 on polymarket: costs $0.998 for a guaranteed $1 payout (YES on the first leg is forced whenever NO on the second loses)."
2026-08-20T22:52:50Z,polymarket:3649426:BUY YES|polymarket:3649427:BUY NO,ladder,0.002,0.002,0.0,40.51,0.08,2026-08-21T21:00:00Z,"BUY YES~Gold drops to $4,250 · XAUUSD · by Aug 21~polymarket;BUY NO~Gold drops to $4,200 · XAUUSD · by Aug 21~polymarket","BUY YES 'Will Gold (XAUUSD) hit (LOW) $4,250 Week of August 17 2026?' @ 0.008 on polymarket + BUY NO 'Will Gold (XAUUSD) hit (LOW) $4,200 Week of August 17 2026?' @ 0.990 on polymarket: costs $0.998 for a guaranteed $1 payout (YES on the first leg is forced whenever NO on the second loses)."
2026-08-25T21:20:20Z,polymarket:3769444:BUY YES|polymarket:3769445:BUY NO,ladder,0.004,0.004,0.0,6.06,0.02,2026-08-28T21:00:00Z,"BUY YES~Gold drops to $4,350 · XAUUSD · by Aug 28~polymarket;BUY NO~Gold drops to $4,300 · XAUUSD · by Aug 28~polymarket","BUY YES 'Will Gold (XAUUSD) hit (LOW) $4,350 Week of August 24 2026?' @ 0.015 on polymarket + BUY NO 'Will Gold (XAUUSD) hit (LOW) $4,300 Week of August 24 2026?' @ 0.981 on polymarket: costs $0.996 for a guaranteed $1 payout (YES on the first leg is forced whenever NO on the second loses)."
2026-08-28T14:27:51Z,polymarket:3769440:BUY NO|polymarket:3866487:BUY YES,cross-event,0.039,0.039,0.0,15.3,0.6,2026-08-28T21:00:00Z,"BUY YES~Gold drops to $4,600 · XAUUSD · by Oct 1~polymarket;BUY NO~Gold drops to $4,550 · XAUUSD · by Aug 28~polymarket","BUY YES 'Will Gold (XAUUSD) hit (LOW) $4,600 in September?' @ 0.960 on polymarket + BUY NO 'Will Gold (XAUUSD) hit (LOW) $4,550 Week of August 24 2026?' @ 0.001 on polymarket: costs $0.961 for a guaranteed $1 payout (YES on the first leg is forced whenever NO on the second loses)."
2026-08-28T23:37:16Z,polymarket:3769442:BUY NO|polymarket:3866487:BUY YES,cross-event,0.039,0.039,0.0,20.62,0.8,2026-08-28T21:00:00Z,"BUY YES~Gold drops to $4,600 · XAUUSD · by Oct 1~polymarket;BUY NO~Gold drops to $4,450 · XAUUSD · by Aug 28~polymarket","BUY YES 'Will Gold (XAUUSD) hit (LOW) $4,600 in September?' @ 0.960 on polymarket + BUY NO 'Will Gold (XAUUSD) hit (LOW) $4,450 Week of August 24 2026?' @ 0.001 on polymarket: costs $0.961 for a guaranteed $1 payout (YES on the first leg is forced whenever NO on the second loses)."
2026-08-28T23:37:16Z,polymarket:3769442:BUY NO|polymarket:3866488:BUY YES,cross-event,0.039,0.039,0.0,18.99,0.74,2026-08-28T21:00:00Z,"BUY YES~Gold drops to $4,500 · XAUUSD · by Oct 1~polymarket;BUY NO~Gold drops to $4,450 · XAUUSD · by Aug 28~polymarket","BUY YES 'Will Gold (XAUUSD) hit (LOW) $4,500 in September?' @ 0.960 on polymarket + BUY NO 'Will Gold (XAUUSD) hit (LOW) $4,450 Week of August 24 2026?' @ 0.001 on polymarket: costs $0.961 for a guaranteed $1 payout (YES on the first leg is forced whenever NO on the second loses)."
2026-08-28T23:37:16Z,polymarket:3769442:BUY NO|polymarket:3961637:BUY YES,cross-event,0.009,0.009,0.0,55.99,0.5,2026-08-28T21:00:00Z,"BUY YES~Gold drops to $4,450 · XAUUSD · by Sep 4~polymarket;BUY NO~Gold drops to $4,450 · XAUUSD · by Aug 28~polymarket","BUY YES 'Will Gold (XAUUSD) hit (LOW) $4,450 Week of August 31 2026?' @ 0.990 on polymarket + BUY NO 'Will Gold (XAUUSD) hit (LOW) $4,450 Week of August 24 2026?' @ 0.001 on polymarket: costs $0.991 for a guaranteed $1 payout (YES on the first leg is forced whenever NO on the second loses)."
2026-08-29T05:03:50Z,kalshi:KXGOLDMON-26AUG3117-T4811.99:BUY NO|polymarket:3933979:BUY YES,cross-platform,0.024,0.026,0.002,10.0,0.24,2026-08-31T21:00:00Z,"BUY YES~Gold hits $4,800 · XAUUSD · by Sep 1~polymarket;BUY NO~Gold settles ≥ $4,811 · XAUUSD · Aug 31~kalshi","BUY YES 'Will Gold (XAUUSD) hit (HIGH) $4,800 in August?' @ 0.004 on polymarket + BUY NO 'Gold price on August 31, 2026 at 5:00 PM EDT? — Above $4811.99' @ 0.970 on kalshi: costs $0.974 for a guaranteed $1 payout (YES on the first leg is forced whenever NO on the second loses)."
2026-08-30T23:39:58Z,polymarket:3866487:BUY YES|polymarket:3961637:BUY NO,cross-event,0.019,0.019,0.0,67.49,1.28,2026-09-04T21:00:00Z,"BUY YES~Gold drops to $4,600 · XAUUSD · by Oct 1~polymarket;BUY NO~Gold drops to $4,450 · XAUUSD · by Sep 4~polymarket","BUY YES 'Will Gold (XAUUSD) hit (LOW) $4,600 in September?' @ 0.980 on polymarket + BUY NO 'Will Gold (XAUUSD) hit (LOW) $4,450 Week of August 31 2026?' @ 0.001 on polymarket: costs $0.981 for a guaranteed $1 payout (YES on the first leg is forced whenever NO on the second loses)."
2026-08-30T23:39:58Z,polymarket:3866488:BUY YES|polymarket:3961637:BUY NO,cross-event,0.019,0.019,0.0,29.99,0.57,2026-09-04T21:00:00Z,"BUY YES~Gold drops to $4,500 · XAUUSD · by Oct 1~polymarket;BUY NO~Gold drops to $4,450 · XAUUSD · by Sep 4~polymarket","BUY YES 'Will Gold (XAUUSD) hit (LOW) $4,500 in September?' @ 0.980 on polymarket + BUY NO 'Will Gold (XAUUSD) hit (LOW) $4,450 Week of August 31 2026?' @ 0.001 on polymarket: costs $0.981 for a guaranteed $1 payout (YES on the first leg is forced whenever NO on the second loses)."
